Molecule,MaxEStateIndex,MinEStateIndex,MaxAbsEStateIndex,MinAbsEStateIndex,qed,MolWt,HeavyAtomMolWt,ExactMolWt,NumValenceElectrons,NumRadicalElectrons,MaxPartialCharge,MinPartialCharge,MaxAbsPartialCharge,MinAbsPartialCharge,FpDensityMorgan1,FpDensityMorgan2,FpDensityMorgan3,BCUT2D_MWHI,BCUT2D_MWLOW,BCUT2D_CHGHI,BCUT2D_CHGLO,BCUT2D_LOGPHI,BCUT2D_LOGPLOW,BCUT2D_MRHI,BCUT2D_MRLOW,BalabanJ,BertzCT,Chi0,Chi0n,Chi0v,Chi1,Chi1n,Chi1v,Chi2n,Chi2v,Chi3n,Chi3v,Chi4n,Chi4v,HallKierAlpha,Ipc,Kappa1,Kappa2,Kappa3,LabuteASA,PEOE_VSA1,PEOE_VSA10,PEOE_VSA11,PEOE_VSA12,PEOE_VSA13,PEOE_VSA14,PEOE_VSA2,PEOE_VSA3,PEOE_VSA4,PEOE_VSA5,PEOE_VSA6,PEOE_VSA7,PEOE_VSA8,PEOE_VSA9,SMR_VSA1,SMR_VSA10,SMR_VSA2,SMR_VSA3,SMR_VSA4,SMR_VSA5,SMR_VSA6,SMR_VSA7,SMR_VSA8,SMR_VSA9,SlogP_VSA1,SlogP_VSA10,SlogP_VSA11,SlogP_VSA12,SlogP_VSA2,SlogP_VSA3,SlogP_VSA4,SlogP_VSA5,SlogP_VSA6,SlogP_VSA7,SlogP_VSA8,SlogP_VSA9,TPSA,EState_VSA1,EState_VSA10,EState_VSA11,EState_VSA2,EState_VSA3,EState_VSA4,EState_VSA5,EState_VSA6,EState_VSA7,EState_VSA8,EState_VSA9,VSA_EState1,VSA_EState10,VSA_EState2,VSA_EState3,VSA_EState4,VSA_EState5,VSA_EState6,VSA_EState7,VSA_EState8,VSA_EState9,FractionCSP3,HeavyAtomCount,NHOHCount,NOCount,NumAliphaticCarbocycles,NumAliphaticHeterocycles,NumAliphaticRings,NumAromaticCarbocycles,NumAromaticHeterocycles,NumAromaticRings,NumHAcceptors,NumHDonors,NumHeteroatoms,NumRotatableBonds,NumSaturatedCarbocycles,NumSaturatedHeterocycles,NumSaturatedRings,RingCount,MolLogP,MolMR
SM25,11.921976253464349,-3.7634370800789436,11.921976253464349,0.0907973251028813,0.9167663275988482,289.356,274.236,289.07726434,104,0,0.263541432020796,-0.2740351661841446,0.2740351661841446,0.263541432020796,0.9,1.45,2.05,32.23327133772806,10.112713249902216,2.1609109514039355,-2.063676572291434,2.0789920288275994,-2.301844268059454,7.896670473147636,-0.11882264413398642,1.9482514264133506,666.7795183216681,14.424438962994,10.820709416124808,11.637205997052535,9.577316827624756,6.224179755261593,7.707343002855986,4.327326284757882,6.0097285261673985,2.785268074342514,4.174435681087062,1.7620141446578252,2.7970951357025085,-2.1399999999999997,34970.115686168814,14.272932710635605,6.341717547457934,3.9279069863426064,118.05548384481772,0.0,0.0,0.0,5.907179729351506,10.023291153407584,0.0,4.794537184071822,13.139891848781026,0.0,0.0,48.53093654769288,24.117007251546223,6.4208216229260096,4.895483475517775,13.212334168400758,15.930470882759089,0.0,4.722094864452088,0.0,17.737126721369794,0.0,66.2271221763131,0.0,0.0,4.722094864452088,0.0,0.0,0.0,14.324976713680442,21.238649960405414,0.0,11.984273114623004,65.55915416013387,0.0,0.0,0.0,63.24,15.930470882759089,13.212334168400758,0.0,11.316305098443785,6.4208216229260096,5.563451491696996,12.13273413692322,18.19910120538483,30.33183534230805,4.722094864452088,0.0,25.92004354056437,0.0,11.805835590409005,0.0,0.9997769169396156,-0.5021239606953884,17.31067888112035,0.6458927784076595,0.0,-3.7634370800789436,0.13333333333333333,20,1,4,0,0,0,2,0,2,3,1,5,5,0,0,0,2,2.1243,76.53350000000005
SM26,11.28234552154195,-3.478567176870748,11.28234552154195,0.07282407407407421,0.8229774385927994,227.285,214.18099999999995,227.061614276,82,0,0.23468962654403197,-0.27438448128450926,0.27438448128450926,0.23468962654403197,1.2666666666666666,1.8666666666666667,2.4,32.23322716721205,10.168131359848818,2.1065406214706743,-2.036512603014979,2.0060844042657098,-2.305979995051193,7.895388169146222,-0.1167644366743846,2.5400167879318283,425.2405398575777,11.311554787871634,8.43395807017668,9.250454651104404,6.994800481421252,4.544493751508243,6.196758977828397,3.21271887145285,5.054587059355777,1.8015214648355693,3.1415648011621022,1.1669093643928794,2.2113736174939227,-1.3599999999999999,1785.9624312791175,11.713313782991202,4.929027243087918,4.598679768203579,89.3633317531503,0.0,0.0,0.0,15.930470882759089,0.0,0.0,9.51663204852391,8.417796984328938,0.0,0.0,30.33183534230805,11.984273114623004,6.923737199690624,5.752853606746789,13.212334168400758,15.930470882759089,0.0,4.722094864452088,0.0,13.344558822616634,5.752853606746789,35.89528683400505,0.0,0.0,4.722094864452088,0.0,0.0,0.0,20.077830320427232,21.238649960405414,0.0,12.487188691387619,30.33183534230805,0.0,0.0,0.0,63.24,15.930470882759089,13.212334168400758,0.0,5.752853606746789,6.4208216229260096,5.563451491696996,6.923737199690624,0.0,35.053930206760135,0.0,0.0,24.48735615079365,0.0,10.580425327538423,0.0,0.9365065192743767,-0.6255447425883929,9.262998052616108,0.4062037037037036,1.18062216553288,-3.478567176870748,0.3,15,1,4,0,0,0,1,0,1,3,1,5,4,0,0,0,1,0.6949999999999998,57.74950000000003
SM27,11.84560941043084,-3.2283125472411185,11.84560941043084,0.11766203703703693,0.8515626555479252,255.33899999999997,238.20299999999995,255.092914404,94,0,0.21207937643722571,-0.3773807449991258,0.3773807449991258,0.21207937643722571,1.2941176470588236,1.9411764705882353,2.4705882352941178,32.233228272193934,10.034530446501384,2.3641416052958037,-2.3773621432569887,2.1660394148710522,-2.597249165990796,7.890369207279762,-0.05227446295159958,1.8949429764806853,465.78392534517104,12.355524862241653,9.848171632549773,10.6646682134775,7.992511824357958,5.624826656652486,7.277091882972639,4.709992105211518,6.551860293114445,2.7454533578223907,4.290838495410405,1.7905129493479164,3.265687791431311,-0.9100000000000001,5131.73693031914,12.544414569752737,4.758936428300128,3.5233072932315763,102.03940795787742,4.736862953800049,0.0,0.0,10.023291153407584,0.0,0.0,0.0,13.139891848781026,0.0,0.0,30.33183534230805,18.90801031431363,0.0,24.50554278815597,13.154659938128987,10.023291153407584,0.0,4.722094864452088,0.0,18.883484074999977,18.966617535772624,35.89528683400505,0.0,0.0,4.722094864452088,0.0,0.0,0.0,32.92333977248491,21.180975730133643,0.0,12.487188691387619,30.33183534230805,0.0,0.0,0.0,55.400000000000006,15.56221640579093,8.417796984328938,0.0,5.752853606746789,19.634585551951847,5.563451491696996,0.0,0.0,37.255572541998674,4.722094864452088,4.736862953800049,31.39736315302062,0.0,0.0,0.0,0.6278599773242628,0.11766203703703693,9.614384138488575,0.5348318216175358,2.7695447530864197,-3.2283125472411185,0.5,17,1,4,0,1,1,1,0,1,3,1,5,5,0,1,1,2,0.9373999999999998,66.29250000000003
SM28,11.343947625346434,-2.9538074504493155,11.343947625346434,0.06191822562358262,0.8821391502085474,267.35,250.21399999999997,267.092914404,98,0,0.21686208221519282,-0.3488414149527299,0.3488414149527299,0.21686208221519282,1.2777777777777777,1.8888888888888888,2.388888888888889,32.22807222786607,9.936613451233448,2.4803281153764245,-2.412686957303498,2.2828251601213285,-2.6481609586788903,7.9258999009517765,-0.12015667341201952,2.0147205949698583,524.6146011340021,13.22576835024473,10.348171632549773,11.1646682134775,8.409014043794347,5.939704912650947,7.761072117696863,4.979360045753052,7.043850410476557,3.16866152990723,5.153486056684667,2.4803622458609507,4.512667299874027,-1.36,7601.965409112473,13.080660013060404,4.723353623894165,3.1003692351401706,107.31694943218237,5.316788604006331,0.0,9.837253136417502,5.907179729351506,0.0,0.0,4.794537184071822,8.417796984328938,0.0,0.0,30.33183534230805,18.405094737549014,6.923737199690624,17.044632465876923,13.212334168400758,15.744432865769006,0.0,5.316788604006331,0.0,25.304305697925987,11.505707213493578,35.89528683400505,0.0,0.0,5.316788604006331,0.0,0.0,0.0,31.36960917955737,21.052611943415332,0.0,18.90801031431363,30.33183534230805,0.0,0.0,0.0,63.24,15.376178388800847,13.212334168400758,0.0,17.412886942845084,6.4208216229260096,11.984273114623004,6.923737199690624,0.0,30.33183534230805,5.316788604006331,0.0,22.68789525069287,0.0,11.168573475686571,2.8005123299319727,0.6037679516250944,-0.04471755060048688,9.875008608381624,1.4369675925925924,1.425799792139078,-2.9538074504493155,0.46153846153846156,18,1,4,0,1,1,1,0,1,3,1,5,4,0,1,1,2,0.9224999999999999,69.96450000000004
SM29,11.284314216427312,-3.1770250430419087,11.284314216427312,0.3993801965230537,0.8515626555479252,255.339,238.20299999999997,255.092914404,94,0,0.20886571105539328,-0.3773576630705759,0.3773576630705759,0.20886571105539328,1.2941176470588236,1.9411764705882353,2.411764705882353,32.233101972570466,9.90560724094667,2.399197211889259,-2.41072807818746,2.2369343969650033,-2.6152023613615363,7.8832471771824215,-0.06615925393268761,1.9647905731559887,465.78392534517104,12.355524862241653,9.848171632549773,10.664668213477501,7.992511824357958,5.59795320311481,7.4893647411730635,4.63295552496202,6.381410724145768,2.8936649471541847,3.6974684609450024,2.024330427912753,3.030809723211972,-0.9100000000000001,4870.960645939304,12.544414569752737,4.758936428300128,3.5233072932315763,102.03940795787742,4.736862953800049,0.0,0.0,10.023291153407584,0.0,0.0,0.0,13.139891848781026,0.0,0.0,30.33183534230805,18.405094737549014,0.0,25.008458364920585,13.154659938128987,10.023291153407584,0.0,4.722094864452088,0.0,18.380568498235363,19.469533112537242,35.89528683400505,0.0,0.0,4.722094864452088,0.0,0.0,0.0,33.42625534924952,21.180975730133643,0.0,11.984273114623004,30.33183534230805,0.0,0.0,0.0,55.400000000000006,15.56221640579093,8.417796984328938,0.0,0.0,13.213763929025836,12.841643245852019,11.819220675208399,0.0,30.33183534230805,4.722094864452088,4.736862953800049,30.400781919249184,0.0,0.0,0.0,0.817356859410431,0.0,10.04996005500966,2.8118953136810276,0.930364229024943,-3.1770250430419087,0.5,17,1,4,0,1,1,1,0,1,3,1,5,5,0,1,1,2,0.9373999999999998,66.29250000000003
SM30,12.485240142353238,-3.513182450449316,12.485240142353238,0.29257973251028835,0.8897080889017035,317.41,298.25800000000004,317.108564468,116,0,0.2407307678138762,-0.37735721180426873,0.37735721180426873,0.2407307678138762,0.9545454545454546,1.5454545454545454,2.090909090909091,32.23327244404927,9.905592707161514,2.414053636384204,-2.414356734192975,2.257031647263948,-2.6168059260787735,7.891636368647548,-0.06624829410521547,1.711102663998597,710.0839744596864,15.468409037364017,12.234922978497904,13.05141955942563,10.597683539880496,7.304512660405836,8.787675908000228,5.677279315264529,7.359681556674045,3.8961402959437623,5.490649703949795,2.5746505382132425,3.9979144387379626,-1.6899999999999995,96364.33803145058,15.215118194159517,6.201332908211529,3.3764232623858237,130.73156004954484,4.736862953800049,0.0,0.0,10.023291153407584,0.0,0.0,0.0,13.139891848781026,0.0,0.0,48.53093654769288,30.537828874472233,0.0,23.648172656926956,13.154659938128987,10.023291153407584,0.0,4.722094864452088,0.0,23.276051973753138,13.213763929025836,66.2271221763131,0.0,0.0,4.722094864452088,0.0,0.0,0.0,27.17048616573812,21.180975730133643,0.0,11.984273114623004,65.55915416013387,0.0,0.0,0.0,55.400000000000006,15.56221640579093,8.417796984328938,0.0,0.0,18.10924740454361,12.841643245852019,5.563451491696996,30.33183534230805,18.19910120538483,16.854829001375307,4.736862953800049,33.091936964600656,0.0,0.29257973251028835,0.0,0.7060396720416564,0.0,18.531375215209543,1.5462168524817332,0.8450340136054426,-3.513182450449316,0.29411764705882354,22,1,4,0,1,1,2,0,2,3,1,5,6,0,1,1,3,2.3667000000000007,85.07650000000005
SM31,11.909314216427312,-3.4177657837826483,11.909314216427312,0.4374043367346938,0.8397865529706785,284.38100000000003,264.22099999999995,284.1194635,106,0,0.2791051981262903,-0.3773558646325509,0.3773558646325509,0.2791051981262903,1.263157894736842,1.894736842105263,2.3684210526315788,32.238775067223955,9.905612472487787,2.415896030237773,-2.418945751214143,2.2433727158876784,-2.6334345557180727,7.866827653942845,-0.06676823948056726,1.996279463911063,509.9496838597602,13.93287513143128,11.295385228049733,12.111881808977458,8.935887497332022,6.266706289485917,7.706769618286557,5.1482183049843355,7.032771873212805,3.3179630038320105,4.9703626309784825,1.9959357535393567,2.9456257000917825,-0.9500000000000001,13183.197324862276,14.458925262294967,5.58224284366153,3.535529420650416,114.2995612531059,4.736862953800049,0.0,0.0,0.0,10.209329170397666,0.0,0.0,0.0,17.44510784007726,0.0,30.33183534230805,18.405094737549014,14.09534396535438,18.75268918140918,13.154659938128987,10.209329170397666,0.0,9.027310855748322,0.0,18.380568498235363,27.309107894380215,35.89528683400505,0.0,0.0,4.722094864452088,0.0,0.0,0.0,45.57104612238873,21.367013747123725,0.0,11.984273114623004,30.33183534230805,0.0,0.0,0.0,58.64,15.748254422781011,8.417796984328938,0.0,0.0,13.213763929025836,12.841643245852019,23.96401144834761,0.0,30.33183534230805,4.722094864452088,4.736862953800049,32.964573019022424,0.0,0.0,0.0,0.7469401927437644,0.0,10.04996005500966,1.57364276266062,0.8748086734693876,-0.3765913695725196,0.5384615384615384,19,1,5,0,1,1,1,0,1,3,1,6,6,0,1,1,2,0.7841999999999998,74.05550000000005
SM32,11.330610512723608,-3.1103583763752423,11.330610512723608,0.21419501133786856,0.8856033813686829,271.40700000000004,254.271,271.070070784,94,0,0.20875972945097407,-0.21270937530161219,0.21270937530161219,0.20875972945097407,1.2941176470588236,1.9411764705882353,2.411764705882353,32.23313938302324,9.95150430871354,2.390907238636373,-2.4091096611518856,2.335643355439518,-2.5740279072759065,8.006155427726856,0.4189557903970795,1.9647905731559887,466.5388128473345,12.355524862241653,9.848171632549773,11.481164794405228,7.992511824357958,5.59795320311481,8.644065279552313,4.63295552496202,7.3670092837992565,2.8936649471541847,5.210888466931407,2.024330427912753,4.369961673458731,-0.5200000000000001,4870.960645939304,12.924574773916186,4.999300390123445,3.7249228656966875,107.04897275373575,0.0,0.0,0.0,10.023291153407584,0.0,0.0,0.0,13.139891848781026,11.761884949391115,0.0,30.33183534230805,18.405094737549014,11.505707213493578,11.79469443589475,8.417796984328938,21.7851761027987,0.0,4.722094864452088,0.0,18.380568498235363,17.761476397004984,35.89528683400505,0.0,0.0,4.722094864452088,0.0,0.0,11.761884949391115,31.718198633717265,16.444112776333593,0.0,11.984273114623004,30.33183534230805,0.0,0.0,0.0,46.17,10.023291153407584,8.417796984328938,0.0,5.538925252383345,0.0,24.3473504593456,11.819220675208399,11.761884949391115,18.19910120538483,16.854829001375307,0.0,25.451941688712523,1.7928757768539514,0.0,0.0,1.0488383408919124,1.7636975623582765,10.190646730914587,3.0290249433106573,0.0,-3.1103583763752423,0.5,17,1,3,0,1,1,1,0,1,3,1,5,5,0,1,1,2,1.654,72.79850000000003
SM33,12.531536438649535,-3.446515783782649,12.531536438649535,0.31033446712018153,0.8835126328418631,333.47800000000007,314.3260000000001,333.085720848,116,0,0.24062468795675662,-0.2070827262172739,0.24062468795675662,0.2070827262172739,0.9545454545454546,1.5454545454545454,2.090909090909091,32.23330999919738,9.951488689094601,2.406034164899918,-2.412945487142573,2.3458160110627935,-2.5761895669408323,8.006322585434608,0.4173013708835587,1.711102663998597,710.83886196185,15.468409037364017,12.234922978497904,13.867916140353357,10.597683539880496,7.304512660405836,9.94237644637948,5.677279315264529,8.345280116327535,3.8961402959437623,7.004069709936197,2.5746505382132425,5.337066388984719,-1.2999999999999998,96364.33803145058,15.590178346173998,6.442492682060057,3.536708944817052,135.74112484540316,0.0,0.0,0.0,10.023291153407584,0.0,0.0,0.0,13.139891848781026,11.761884949391115,0.0,48.53093654769288,30.537828874472233,11.505707213493578,10.43440872790112,8.417796984328938,21.7851761027987,0.0,4.722094864452088,0.0,23.276051973753138,11.505707213493578,66.2271221763131,0.0,0.0,4.722094864452088,0.0,0.0,11.761884949391115,25.46242945020586,16.444112776333593,0.0,11.984273114623004,65.55915416013387,0.0,0.0,0.0,46.17,10.023291153407584,8.417796984328938,0.0,5.538925252383345,4.895483475517775,24.3473504593456,5.563451491696996,36.027353223237554,24.26546827384644,16.854829001375307,0.0,28.0072194664903,1.7880663685227176,0.33887602880658463,0.0,0.9375211535231378,1.6783673469387754,18.8127485670194,1.7170501858150664,0.0,-3.446515783782649,0.29411764705882354,22,1,3,0,1,1,2,0,2,3,1,5,6,0,1,1,3,3.0833000000000013,91.58250000000004
SM34,11.955610512723608,-3.351099117115982,11.955610512723608,0.2741950113378684,0.8660077965703414,300.449,280.289,300.09661988,106,0,0.2789986252204116,-0.19517333756740407,0.2789986252204116,0.19517333756740407,1.263157894736842,1.894736842105263,2.3684210526315788,32.23881002874315,9.95150929319554,2.407825687122872,-2.4177868613865985,2.3393050430140203,-2.5976400981371026,8.005953552027481,0.39865526214874936,1.996279463911063,510.7045713619237,13.93287513143128,11.295385228049733,12.928378389905184,8.935887497332022,6.266706289485917,8.861470156665806,5.1482183049843355,8.018370432866293,3.3179630038320105,6.483782636964884,1.9959357535393567,4.284777650338543,-0.56,13183.197324862276,14.840938203864589,5.827615944738202,3.717992719946889,119.30912604896423,0.0,0.0,0.0,0.0,10.209329170397666,0.0,0.0,0.0,29.206992789468373,0.0,30.33183534230805,18.405094737549014,25.601051178847957,5.538925252383345,8.417796984328938,21.971214119788783,0.0,9.027310855748322,0.0,18.380568498235363,25.601051178847957,35.89528683400505,0.0,0.0,4.722094864452088,0.0,0.0,11.761884949391115,43.86298940685648,16.630150793323676,0.0,11.984273114623004,30.33183534230805,0.0,0.0,0.0,49.410000000000004,10.209329170397666,8.417796984328938,0.0,5.538925252383345,0.0,24.3473504593456,9.86866748299323,25.857228914745495,18.19910120538483,16.854829001375307,0.0,28.000804594986143,1.786073055765516,0.0,0.0,0.9784216742252458,1.708142006802721,10.190646730914587,1.7444760959939531,0.0,-0.24189749202149935,0.5384615384615384,19,1,4,0,1,1,1,0,1,3,1,6,6,0,1,1,2,1.5008,80.56150000000005
SM35,11.347585821365584,-3.2548954134122794,11.347585821365584,0.42351544784580497,0.8655435409447306,287.40600000000006,270.27000000000004,287.064985404,100,0,0.20876264281888493,-0.25944212411425815,0.25944212411425815,0.20876264281888493,1.2777777777777777,1.8888888888888888,2.388888888888889,32.23317625413158,9.95145017986423,2.438153348712267,-2.4047022095584896,2.2641510339799957,-2.627573581979088,7.8922773222380265,0.4059290462637921,2.01589593376273,531.7007674611824,13.225768350244731,10.256419923013636,11.88941308486909,8.386358674475309,5.764619869781477,9.144065279552313,4.868657785357536,8.074116064985803,3.0115160773519425,5.564441857524682,2.2499226596782993,5.046738368755367,-0.7200000000000002,7260.100455774727,13.705666390550114,5.107547062718759,3.6344410104810536,110.30011693194643,0.0,0.0,0.0,10.023291153407584,0.0,0.0,4.208898492164469,13.139891848781026,0.0,0.0,30.33183534230805,18.405094737549014,22.305276256397885,11.79469443589475,12.626695476493406,20.822860196311893,0.0,4.722094864452088,0.0,18.380568498235363,17.761476397004984,35.89528683400505,0.0,0.0,4.722094864452088,0.0,0.0,0.0,35.92709712588173,27.2436818192379,0.0,11.984273114623004,30.33183534230805,0.0,0.0,0.0,63.24,26.361785448695237,12.626695476493406,0.0,0.0,17.92652883641959,12.676590806437414,5.563451491696996,0.0,30.33183534230805,4.722094864452088,0.0,36.632478820231796,0.0,0.0,0.0,0.6654963466868231,0.8470308956916099,9.912525055289606,2.6338205467372133,0.0,-4.135796109081494,0.5,18,1,4,0,1,1,1,0,1,3,1,6,5,0,1,1,2,0.6694999999999998,73.34990000000003
SM36,12.54851174729151,-3.591052820819684,12.54851174729151,0.24700780003359424,0.8685842513900401,349.47700000000015,330.3250000000001,349.080635468,122,0,0.24062760455738355,-0.25944212083153684,0.25944212083153684,0.24062760455738355,0.9565217391304348,1.5217391304347827,2.0869565217391304,32.233346853158274,9.951434550392912,2.44959781130875,-2.408588177470716,2.2808019422656236,-2.6290329387397886,7.899030080290409,0.4044836354902073,1.7501111747468772,781.102896997945,16.338652525367095,12.643171268961767,14.27616443081722,10.991530389997848,7.4711793270725035,10.44237644637948,5.9129815756600435,9.052386897514081,4.013991426141522,7.357623100529469,2.800242769978787,6.013843084281355,-1.4999999999999996,143436.30707457234,16.36102308736985,6.549149338374291,3.8843598615916957,138.99226902361386,0.0,0.0,0.0,10.023291153407584,0.0,0.0,4.208898492164469,13.139891848781026,0.0,0.0,48.53093654769288,30.537828874472233,22.305276256397885,10.43440872790112,12.626695476493406,20.822860196311893,0.0,4.722094864452088,0.0,23.276051973753138,11.505707213493578,66.2271221763131,0.0,0.0,4.722094864452088,0.0,0.0,0.0,29.67132794237033,27.2436818192379,0.0,11.984273114623004,65.55915416013387,0.0,0.0,0.0,63.24,26.361785448695237,12.626695476493406,0.0,4.895483475517775,17.92652883641959,11.984273114623004,0.0,30.33183534230805,30.33183534230805,4.722094864452088,0.0,39.52426610922147,0.0,0.24700780003359424,0.0,0.5541791593180485,0.7617006802721096,18.256505215769437,1.406911296926178,0.0,-4.528348039318606,0.29411764705882354,23,1,4,0,1,1,2,0,2,3,1,6,6,0,1,1,3,2.0988000000000007,92.13390000000004
SM37,11.972585821365584,-3.495636154153019,11.972585821365584,0.3957376700680273,0.8317434514923773,316.44800000000004,296.288,316.09153449999997,112,0,0.2790015524375647,-0.25944211083253405,0.2790015524375647,0.25944211083253405,1.25,1.85,2.35,32.238840121074105,9.951455145351645,2.451249819907188,-2.4135074876121507,2.2696788882658048,-2.6443019894644566,7.8814305029582465,0.3885430811315312,2.0534797788917767,576.8936487423593,14.803118619434358,11.703633518513596,13.336626680369047,9.329734347449374,6.433372956152584,9.361470156665806,5.383920565379852,8.725477214052841,3.4358141340297683,6.837336027558158,2.2215279853049026,4.961554345635178,-0.76,19664.365015727664,15.625492665093967,5.928376585201981,3.6613185151018914,122.56027022717491,0.0,0.0,0.0,0.0,10.209329170397666,0.0,4.208898492164469,0.0,17.44510784007726,0.0,30.33183534230805,18.405094737549014,36.40062022175226,5.538925252383345,12.626695476493406,21.008898213301975,0.0,9.027310855748322,0.0,18.380568498235363,25.601051178847957,35.89528683400505,0.0,0.0,4.722094864452088,0.0,0.0,0.0,48.07188789902094,27.42971983622798,0.0,11.984273114623004,30.33183534230805,0.0,0.0,0.0,66.48,26.54782346568532,12.626695476493406,0.0,0.0,17.92652883641959,16.289489105919237,14.09534396535438,0.0,30.33183534230805,4.722094864452088,0.0,39.25252621882086,0.0,0.0,0.0,0.5950796800201568,0.7914753401360546,9.912525055289606,1.4343372071050644,0.0,-1.4303879458161866,0.5384615384615384,20,1,5,0,1,1,1,0,1,3,1,7,6,0,1,1,2,0.5163,81.11290000000005
SM38,11.364780958679768,-3.411654672671539,11.364780958679768,0.11120677437641735,0.8501519238908694,303.4050000000001,286.26900000000006,303.059900024,106,0,0.20876568445327848,-0.22869368743011997,0.22869368743011997,0.20876568445327848,1.2105263157894737,1.7894736842105263,2.263157894736842,32.23361129767403,9.951395640175313,2.4914352423483344,-2.4070430631579063,2.289885766238325,-2.6483719947137843,7.931232847445045,0.38822550135254574,2.0814921484814675,638.2296156522164,14.148418081055105,10.6646682134775,12.297661375332954,8.699618605544506,5.931286536448144,9.644065279552315,5.17240142749703,8.985346991404281,3.1293672075497003,5.917995248117955,2.4755148914438454,5.723515064052003,-0.9200000000000002,9576.770466148808,14.488299601369494,4.880949241738342,4.020948670678399,113.5512611101571,0.0,0.0,9.837253136417502,10.023291153407584,0.0,0.0,0.0,21.557688833109964,0.0,0.0,30.33183534230805,18.405094737549014,0.0,23.300401649388327,16.835593968657875,19.860544289825086,0.0,4.722094864452088,0.0,18.380568498235363,17.761476397004984,35.89528683400505,0.0,0.0,4.722094864452088,0.0,0.0,0.0,40.1359956180462,26.281365912751095,0.0,11.984273114623004,30.33183534230805,0.0,0.0,0.0,80.31,25.39946954220843,16.835593968657875,0.0,11.505707213493578,12.841643245852019,11.819220675208399,0.0,0.0,30.33183534230805,4.722094864452088,0.0,47.92972119866465,0.0,0.0,0.0,0.23971608087679552,-0.2224135487528347,9.608610822415386,2.198809051398337,0.0,-6.5044436046023355,0.5,19,1,5,0,1,1,1,0,1,4,1,7,5,0,1,1,2,0.3355999999999999,74.12730000000003
SM39,12.556999401612497,-3.7478120800789436,12.556999401612497,0.14665191693961588,0.8458963788111307,365.47600000000017,346.3240000000001,365.075550088,128,0,0.24063064956193644,-0.2286936839956855,0.24063064956193644,0.2286936839956855,0.9166666666666666,1.4583333333333333,2.0,32.23377078425189,9.95138000075899,2.499805527860262,-2.4107759051755884,2.303782699735272,-2.6496167445335193,7.93230072795088,0.38704995860133157,1.795908180970526,895.577607995523,17.261302256177466,13.05141955942563,14.684412721281083,11.304790321067044,7.63784599373917,10.942376446379482,6.216725217799536,9.963617823932559,4.13184255633928,7.711176491122743,3.0258350017443334,6.69061977957799,-1.6999999999999997,189656.78489329794,17.133714372809024,6.3089054043369845,3.853037212928474,142.24341320182452,0.0,0.0,9.837253136417502,10.023291153407584,0.0,0.0,0.0,21.557688833109964,0.0,0.0,48.53093654769288,30.537828874472233,0.0,21.940115941394698,16.835593968657875,19.860544289825086,0.0,4.722094864452088,0.0,23.276051973753138,11.505707213493578,66.2271221763131,0.0,0.0,4.722094864452088,0.0,0.0,0.0,33.8802264345348,26.281365912751095,0.0,11.984273114623004,65.55915416013387,0.0,0.0,0.0,80.31,25.39946954220843,16.835593968657875,0.0,16.401190689011354,12.841643245852019,5.563451491696996,12.13273413692322,18.19910120538483,30.33183534230805,4.722094864452088,0.0,51.158017998866214,0.0,0.14665191693961588,0.0,0.1283988935080207,-0.3077437641723342,17.648676750020996,1.0654529635928447,0.0,-6.922788092088687,0.29411764705882354,24,1,5,0,1,1,2,0,2,4,1,7,6,0,1,1,3,1.7649000000000004,92.91130000000004
SM40,11.981073475686571,-3.6523954134122785,11.981073475686571,0.13898455215419503,0.8055220355341377,332.44700000000006,312.28700000000003,332.08644911999994,118,0,0.2790046085472298,-0.22869367353511158,0.2790046085472298,0.22869367353511158,1.1904761904761905,1.7619047619047619,2.238095238095238,32.239036230011365,9.951400586514058,2.501256483618401,-2.415500455706546,2.294639300588819,-2.662851096525714,7.929988657209064,0.37446681782010666,2.121363081820509,684.9466249150845,15.725768350244731,12.11188180897746,13.74487497083291,9.64299427851857,6.600039622819251,9.861470156665806,5.6876642075193455,9.636708140471319,3.553665264227526,7.190889418151431,2.4471202170704487,5.638331040931814,-0.96,25982.455369850224,16.411192297127325,5.6762293265482,4.0296207007543074,125.81141440538558,0.0,0.0,9.837253136417502,0.0,10.209329170397666,0.0,0.0,8.417796984328938,17.44510784007726,0.0,30.33183534230805,18.405094737549014,14.09534396535438,17.044632465876923,16.835593968657875,20.046582306815168,0.0,9.027310855748322,0.0,18.380568498235363,25.601051178847957,35.89528683400505,0.0,0.0,4.722094864452088,0.0,0.0,0.0,52.28078639118541,26.467403929741177,0.0,11.984273114623004,30.33183534230805,0.0,0.0,0.0,83.55000000000001,25.58550755919851,16.835593968657875,0.0,11.505707213493578,12.841643245852019,9.86866748299323,14.09534396535438,0.0,30.33183534230805,4.722094864452088,0.0,50.612465435248176,0.0,0.0,0.0,0.16929941421012895,-0.27796910430839006,9.608610822415386,1.092878873771731,0.0,-3.9552854413370286,0.5384615384615384,21,1,6,0,1,1,1,0,1,4,1,8,6,0,1,1,2,0.18240000000000012,81.89030000000005
SM41,10.953642920131015,-3.3185296726715383,10.953642920131015,0.1818083900226759,0.8831230147940249,238.26800000000003,228.188,238.04121318,84,0,0.23056244051599212,-0.35409771317398203,0.35409771317398203,0.23056244051599212,1.25,1.9375,2.5625,32.2331008385718,10.162405788841323,2.087442422588548,-1.9458808882040615,2.215543297498175,-2.0887273624244846,7.915078859257196,0.4353499785921989,2.2712654922787325,575.1214273081507,11.59601183824781,8.544308372493168,9.360804953420894,7.544624757173649,4.54404476955868,6.435456307616934,3.316655937665883,5.065111136849631,1.85842413226832,2.438353167282203,1.2517305073660743,1.7278227393201657,-1.8199999999999998,5201.1297239804135,10.68965055261326,3.97454028479178,2.6038640305237593,93.12941106677341,4.523094936973348,0.0,11.57811019670947,10.023291153407584,0.0,0.0,4.722094864452088,8.417796984328938,0.0,0.0,35.4884985994335,0.0,11.629818560158606,6.255769183511404,12.940891921302285,15.841153931242612,0.0,5.156663257125445,0.0,0.0,10.977864047963493,36.39820241076966,0.0,11.323698910571437,4.722094864452088,5.817862777835028,0.0,0.0,19.830229424965786,10.023291153407584,0.0,0.0,40.921297347743014,0.0,11.323698910571437,0.0,72.2,10.023291153407584,8.417796984328938,0.0,5.817862777835028,5.760247418874442,11.819220675208399,6.06636706846161,0.0,30.33183534230805,9.878758121577533,4.523094936973348,29.165552799823633,0.0,0.0,3.612653533635677,0.8440287226001513,0.701947278911565,10.851618690686152,1.0593953136810281,0.0,-3.3185296726715383,0.1,16,1,5,0,0,0,1,1,2,4,1,6,3,0,0,0,2,1.7130999999999998,60.405500000000025
SM42,12.154568846056943,-3.654687080078945,12.154568846056943,0.15065381708238856,0.8030933715954321,300.339,288.243,300.056863244,106,0,0.26263522133351336,-0.3540975507165585,0.3540975507165585,0.26263522133351336,0.9047619047619048,1.5238095238095237,2.1904761904761907,32.233271307672865,10.16240366330206,2.1598465404586014,-2.031071365662897,2.2306077271878113,-2.1231604988026693,7.923177995093249,0.43532508872242426,1.853239265256595,827.6248820181507,14.708896013370174,10.931059718441297,11.747556299369023,10.149796472696188,6.250604226849706,7.733767474444099,4.360979727968392,6.043381969377908,2.860899481057897,4.231534410286992,1.8580192373607949,2.862833313928858,-2.599999999999999,101761.27174148966,13.386159169550176,5.414299597389977,2.950173010380624,121.82156315844087,4.523094936973348,0.0,11.57811019670947,0.0,10.023291153407584,0.0,4.722094864452088,8.417796984328938,0.0,0.0,53.687599804818326,12.13273413692322,11.629818560158606,4.895483475517775,12.940891921302285,15.841153931242612,0.0,5.156663257125445,0.0,4.895483475517775,4.722094864452088,66.73003775307771,0.0,11.323698910571437,4.722094864452088,5.817862777835028,0.0,0.0,13.574460241454382,10.023291153407584,0.0,0.0,76.14861616556885,0.0,11.323698910571437,0.0,72.2,10.023291153407584,8.417796984328938,0.0,10.713346253352803,5.760247418874442,5.563451491696996,12.13273413692322,24.26546827384644,30.33183534230805,9.878758121577533,4.523094936973348,31.85670784517511,0.0,0.17524176954732562,3.7379837490551777,0.8288509910136895,0.6519146300495511,18.98732142857143,0.0,0.0,-3.654687080078945,0.0,21,1,5,0,0,0,2,1,3,4,1,6,4,0,0,0,3,3.142400000000001,79.18950000000002
SM43,11.578642920131017,-3.559270413412278,11.578642920131017,0.1551417233560093,0.9117467681680178,267.31,254.20599999999996,267.067762276,96,0,0.3018764438779866,-0.3540970655310146,0.3540970655310146,0.3018764438779866,1.2222222222222223,1.8888888888888888,2.5,32.23877392932739,10.162406465838226,2.156691767955357,-2.097913362107667,2.2197293873809327,-2.285036414575722,7.899008829278863,0.4349198507145951,2.2236274639317886,619.992811725001,13.173362107437436,9.991521967993126,10.80801854892085,8.488000430147713,5.2127978559297885,6.652861184730427,3.8319187176882,5.716472285916669,2.282722188946145,3.71124733731568,1.2852132170838888,1.8282708684736093,-1.8599999999999999,14044.666869266006,12.593128808126911,4.789543779971381,2.687531999529733,105.3895643620019,4.523094936973348,0.0,11.57811019670947,0.0,0.0,10.209329170397666,4.722094864452088,0.0,12.72301297562517,0.0,35.4884985994335,0.0,25.725162525512985,0.0,12.940891921302285,16.027191948232694,0.0,9.46187924842168,0.0,0.0,18.817438829806466,36.39820241076966,0.0,11.323698910571437,4.722094864452088,5.817862777835028,0.0,0.0,31.975020198104996,10.209329170397666,0.0,0.0,40.921297347743014,0.0,11.323698910571437,0.0,75.44,10.209329170397666,8.417796984328938,0.0,5.817862777835028,5.760247418874442,9.86866748299323,20.16171103381599,0.0,30.33183534230805,9.878758121577533,4.523094936973348,31.598672603300585,0.0,0.0,3.6682090891912322,0.8336120559334846,0.6616751700680277,10.851618690686152,0.0,0.0,-0.6971209425128069,0.18181818181818182,18,1,6,0,0,0,1,1,2,4,1,7,4,0,0,0,2,1.5598999999999998,68.16850000000002
SM44,10.958272549760645,-3.3118630060048715,10.958272549760645,0.2003269085411945,0.8508200153003878,238.27200000000002,228.19199999999998,238.05244656,84,0,0.2305632969179905,-0.2647203988578168,0.2647203988578168,0.2305632969179905,1.25,1.9375,2.5625,32.233100836835646,10.31007136508628,2.0606306680968975,-1.9764261662792721,2.0844036286144103,-2.091300330390917,7.915068644357028,0.6063401391992682,2.2712654922787325,576.566270746207,11.59601183824781,8.53048727302922,9.346983853956948,7.544624757173649,4.50047699139402,6.391888529452274,3.2581288322597164,5.006584031443466,1.8040863927067043,2.3840154277205876,1.2074472992525742,1.68087562319865,-1.8899999999999997,5201.1297239804135,10.621930817508138,3.9329053327171954,2.5714485557261137,92.95941252229284,0.0,0.0,5.817862777835028,10.023291153407584,0.0,0.0,4.722094864452088,13.099599919474123,0.0,5.098681808301038,23.4124863010397,12.13273413692322,0.0,18.139999029808042,8.417796984328938,15.841153931242612,0.0,14.993869839101091,0.0,0.0,10.977864047963493,36.52867891392113,0.0,5.687386274683562,4.722094864452088,5.817862777835028,0.0,0.0,29.667436006941433,10.023291153407584,0.0,0.0,36.52867891392113,0.0,5.687386274683562,0.0,76.88,10.023291153407584,8.417796984328938,0.0,5.817862777835028,0.0,11.943155458194965,10.878646506758262,0.0,30.33183534230805,15.034161768407994,0.0,25.659163910934744,0.0,0.0,7.510940570672714,0.8162509448223735,0.2003269085411945,9.300854801797263,2.574325869236583,0.0,-3.3118630060048715,0.1111111111111111,16,1,6,0,0,0,1,1,2,5,1,7,3,0,0,0,2,0.6387999999999998,59.82550000000002
SM45,12.159198475686571,-3.648020413412279,12.159198475686571,0.16917233560090716,0.7998925523282849,300.343,288.247,300.06809662399996,106,0,0.2626360780981591,-0.26049689379197866,0.2626360780981591,0.26049689379197866,0.9047619047619048,1.5238095238095237,2.1904761904761907,32.23327130592505,10.31006927104319,2.1504663902696097,-2.035356873712892,2.142089628741089,-2.125109220062145,7.923167688997181,0.6007533313089499,1.853239265256595,829.6801595456355,14.708896013370174,10.91723861897735,11.733735199905077,10.149796472696188,6.207036448685047,7.69019969627944,4.3024526225622255,5.984854863971742,2.8065617414962816,4.177196670725377,1.813736029247295,2.815886197807343,-2.669999999999999,101761.27174148966,13.319405260810983,5.372133619700066,2.9225832611006504,121.65156461396029,0.0,0.0,5.817862777835028,0.0,10.023291153407584,0.0,4.722094864452088,13.099599919474123,0.0,5.098681808301038,41.61158750642453,24.26546827384644,0.0,16.779713321814413,8.417796984328938,15.841153931242612,0.0,14.993869839101091,0.0,4.895483475517775,4.722094864452088,66.86051425622918,0.0,5.687386274683562,4.722094864452088,5.817862777835028,0.0,0.0,23.41166682343003,10.023291153407584,0.0,0.0,71.75599773174696,0.0,5.687386274683562,0.0,76.88,10.023291153407584,8.417796984328938,0.0,10.713346253352803,0.0,5.687386274683562,23.01138064368148,18.19910120538483,30.33183534230805,15.034161768407994,0.0,28.223700947971782,0.0,0.17987139917695516,7.729942050894432,0.8010732132359117,0.16917233560090716,17.4372928739397,1.5236342592592593,0.0,-3.648020413412279,0.0,21,1,6,0,0,0,2,1,3,5,1,7,4,0,0,0,3,2.0681,78.60950000000003
SM46,11.583272549760647,-3.55260374674561,11.583272549760647,0.1736602418745279,0.8736903194028093,267.314,254.20999999999998,267.078995656,96,0,0.3018773047181146,-0.2516158987268454,0.3018773047181146,0.2516158987268454,1.2222222222222223,1.8888888888888888,2.5,32.23877392756609,10.31007152573984,2.1465157102212777,-2.099439764235375,2.0970121661100403,-2.285698618023758,7.898998111890282,0.5263366198014134,2.2236274639317886,620.7274131110279,13.173362107437436,9.97770086852918,10.794197449456904,8.488000430147713,5.169230077765129,6.609293406565767,3.773391612282034,5.657945180510502,2.2283844493845297,3.6569095977540647,1.240930008970389,1.7813237523520935,-1.9299999999999997,14044.666869266006,12.524930917834109,4.746710873694064,2.658143461730853,105.21956581752133,0.0,0.0,5.817862777835028,0.0,0.0,10.209329170397666,4.722094864452088,4.681802935145185,12.72301297562517,5.098681808301038,23.4124863010397,12.13273413692322,14.09534396535438,11.884229846296638,8.417796984328938,16.027191948232694,0.0,19.299085830397324,0.0,0.0,18.817438829806466,36.52867891392113,0.0,5.687386274683562,4.722094864452088,5.817862777835028,0.0,0.0,41.81222678008064,10.209329170397666,0.0,0.0,36.52867891392113,0.0,5.687386274683562,0.0,80.12,10.209329170397666,8.417796984328938,0.0,5.817862777835028,0.0,9.992602265979796,24.97399047211264,0.0,30.33183534230805,15.034161768407994,0.0,28.035688854245404,0.0,0.0,7.607312452758881,0.805834278155707,0.1736602418745279,9.300854801797263,1.510300925925926,0.0,-0.6836515547577036,0.2,18,1,7,0,0,0,1,1,2,5,1,8,4,0,0,0,2,0.48559999999999964,67.58850000000002
