Molecule,FP00001,FP00002,FP00003,FP00004,FP00005,FP00006,FP00007,FP00008,FP00009,FP00010,FP00011,FP00012,FP00013,FP00014,FP00015,FP00016,FP00017,FP00018,FP00019,FP00020,FP00021,FP00022,FP00023,FP00024,FP00025,FP00026,FP00027,FP00028,FP00029,FP00030,FP00031,FP00032,FP00033,FP00034,FP00035,FP00036,FP00037,FP00038,FP00039,FP00040,FP00041,FP00042,FP00043,FP00044,FP00045,FP00046,FP00047,FP00048,FP00049,FP00050,FP00051,FP00052,FP00053,FP00054,FP00055,FP00056,FP00057,FP00058,FP00059,FP00060,FP00061,FP00062,FP00063,FP00064,FP00065,FP00066,FP00067,FP00068,FP00069,FP00070,FP00071,FP00072,FP00073,FP00074,FP00075,FP00076,FP00077,FP00078,FP00079,FP00080,FP00081,FP00082,FP00083,FP00084,FP00085,FP00086,FP00087,FP00088,FP00089,FP00090,FP00091,FP00092,FP00093,FP00094,FP00095,FP00096,FP00097,FP00098,FP00099,FP00100,FP00101,FP00102,FP00103,FP00104,FP00105,FP00106,FP00107,FP00108,FP00109,FP00110,FP00111,FP00112,FP00113,FP00114,FP00115,FP00116,FP00117,FP00118,FP00119,FP00120,FP00121,FP00122,FP00123,FP00124,FP00125,FP00126,FP00127,FP00128,FP00129,FP00130,FP00131,FP00132,FP00133,FP00134,FP00135,FP00136,FP00137,FP00138,FP00139,FP00140,FP00141,FP00142,FP00143,FP00144,FP00145,FP00146,FP00147,FP00148,FP00149,FP00150,FP00151,FP00152,FP00153,FP00154,FP00155,FP00156,FP00157,FP00158,FP00159,FP00160,FP00161,FP00162,FP00163,FP00164,FP00165,FP00166,FP00167,FP00168,FP00169,FP00170,FP00171,FP00172,FP00173,FP00174,FP00175,FP00176,FP00177,FP00178,FP00179,FP00180,FP00181,FP00182,FP00183,FP00184,FP00185,FP00186,FP00187,FP00188,FP00189,FP00190,FP00191,FP00192,FP00193,FP00194,FP00195,FP00196,FP00197,FP00198,FP00199,FP00200,FP00201,FP00202,FP00203,FP00204,FP00205,FP00206,FP00207,FP00208,FP00209,FP00210,FP00211,FP00212,FP00213,FP00214,FP00215,FP00216,FP00217,FP00218,FP00219,FP00220,FP00221,FP00222,FP00223,FP00224,FP00225,FP00226,FP00227,FP00228,FP00229,FP00230,FP00231,FP00232,FP00233,FP00234,FP00235,FP00236,FP00237,FP00238,FP00239,FP00240,FP00241,FP00242,FP00243,FP00244,FP00245,FP00246,FP00247,FP00248,FP00249,FP00250,FP00251,FP00252,FP00253,FP00254,FP00255,FP00256,FP00257,FP00258,FP00259,FP00260,FP00261,FP00262,FP00263,FP00264,FP00265,FP00266,FP00267,FP00268,FP00269,FP00270,FP00271,FP00272,FP00273,FP00274,FP00275,FP00276,FP00277,FP00278,FP00279,FP00280,FP00281,FP00282,FP00283,FP00284,FP00285,FP00286,FP00287,FP00288,FP00289,FP00290,FP00291,FP00292,FP00293,FP00294,FP00295,FP00296,FP00297,FP00298,FP00299,FP00300,FP00301,FP00302,FP00303,FP00304,FP00305,FP00306,FP00307,FP00308,FP00309,FP00310,FP00311,FP00312,FP00313,FP00314,FP00315,FP00316,FP00317,FP00318,FP00319,FP00320,FP00321,FP00322,FP00323,FP00324,FP00325,FP00326,FP00327,FP00328,FP00329,FP00330,FP00331,FP00332,FP00333,FP00334,FP00335,FP00336,FP00337,FP00338,FP00339,FP00340,FP00341,FP00342,FP00343,FP00344,FP00345,FP00346,FP00347,FP00348,FP00349,FP00350,FP00351,FP00352,FP00353,FP00354,FP00355,FP00356,FP00357,FP00358,FP00359,FP00360,FP00361,FP00362,FP00363,FP00364
EN300-05982_26_C_SP2,0,0,0,0,0,0,0,0,0,0,0,0,0,0,0,0,0,0,0,0,0,0,0,0,0,0,1.978418,0,0,1.543544,0,0,0,0,0,0,0,0,0,1.226238,1.360088,0,0,0,0,0,0,0,0,0,0,0,7.809994,0,0,2.568157,0,0,0,2.491629,0,0,0,0,0,0,0,0,0,0,0,0,0,0,0,0,0,0,9.940667,0,6.645549,3.065329,0,0,0,0,0,0,0,0,0,0,0,0,0,0,0,0,0,0,0,0,0,0,13.284029,0,9.167056,0,0,0,0,0,0,0,0,0,0,0,0,0,0,0,0,0,0,0,0,0,0,0,0,0,21.425983,0,0,0,0,0,0,0,0,0,0,5.5491,0,0,0,0,0,0,0,0,0,0,0,0,6.760462,0,26.633818,0,0,0,0,0,0,0,0,0,0,0,0,0,0,0,0,0,0,0,0,0,0,0,29.409926,0,22.76917,7.319766,0,0,0,0,0,0,0,0,0,0,0,0,0,0,0,0,0,0,0,0,0,0,16.55883,0,0,0,0,0,0,0,0,0,0,0,0,8.92971,0,0,0,0,0,0,0,0,0,0,0,0,37.776113,0,0,19.221772,0,0,0,0,0,0,0,0,0,9.190077,0,0,0,0,0,0,0,0,0,0,0,0,21.273032,0,0,0,0,0,0,0,0,0,0,0,0,0,0,0,0,0,0,0,0,0,0,0,0,0,0,0,0,0,0,0,0,0,0,0,0,0,0,0,0,0,0,0,0,0,0,0,0,0,0,0,3.887149,0,0,1.972933,0,0,0,1.946813,0,0,0,0,0,0,0,0,0,0,0,0,0,0,0,0,0,0,4.26575,0,1.380031,0.989114,0,0,0,0,0,0,0,0,0,0,0,0,0,0,0,0,0,0,0,0,0,0
EN300-06526_8_C_SP2,0,0,0,0,0,0,0,0,0,0,0,0,0,0,0,0,0,0,0,0,0,0,0,0,0,0,1.942607,0,1.453284,0,0,0,0,0,0,0,0,0,0,1.221882,1.357144,0,0,0,0,0,0,0,0,0,0,0,2.95909,0,5.127472,0,0,0,0,0,0,0,0,0,0,0,0,0,0,0,0,0,0,0,0,0,0,0,10.108612,0,0,6.438521,0,0,0,3.671195,0,0,0,0,3.656425,0,0,0,0,0,0,0,0,0,0,0,0,0,8.438882,0,0,0,0,0,0,0,0,0,0,0,0,0,0,0,0,0,0,0,0,0,0,0,0,0,5.251454,0,10.652732,0,0,0,0,0,0,0,0,0,0,0,0,0,0,0,0,0,0,0,0,0,0,0,6.05163,0,6.074148,0,0,0,0,0,0,0,0,0,0,0,0,0,0,0,0,0,0,0,0,0,0,0,7.645113,0,22.210841,0,0,0,0,0,0,0,0,0,0,0,0,0,0,0,0,0,0,0,0,0,0,0,17.102078,0,0,0,0,0,0,0,0,0,0,0,0,0,0,0,0,0,0,0,0,0,0,0,0,0,0,0,0,0,0,0,0,0,0,0,0,0,0,0,0,0,0,0,0,0,0,0,0,0,0,0,0,0,0,0,0,0,0,0,0,0,0,0,0,0,0,0,0,0,0,0,0,0,0,0,0,0,0,0,0,0,0,0,0,0,0,0,0,0,0,0,0,0,0,0,0,0,0,0,0,0,0,0,1.952387,0,4.455129,0,0,0,0,0,0,0,0,0,0,0,0,0,0,0,0,0,0,0,0,0,0,0,0,0,0,0.169135,0,0,0,3.115134,0,0,0,0,3.093008,0,0,0,0,0,0,0,0,0,0,0,0,0
EN300-07634_2_C_SP2,0,0,0,0,0,0,0,0,0,0,0,0,0,0,0,0,0,0,0,0,0,0,0,0,0,0,1.966794,0,1.47319,0,0,0,0,0,0,0,0,0,0,1.215506,1.348989,0,0,0,0,0,0,0,0,0,0,0,5.322155,0,7.905174,2.913643,0,0,0,0,0,0,0,0,0,0,0,0,0,0,0,0,0,0,0,0,0,0,3.037199,0,7.47165,0,0,0,0,0,0,0,0,0,0,0,0,0,0,0,0,0,0,0,0,0,0,0,4.738562,0,9.224761,4.409168,0,0,0,4.22286,0,0,0,0,0,0,0,0,0,0,0,0,0,0,0,0,0,0,27.336434,0,5.145707,10.177616,0,0,0,0,0,0,0,0,0,0,0,0,0,0,0,0,0,0,0,5.554838,0,0,12.434045,0,0,0,0,0,0,0,0,0,0,0,0,0,0,0,0,0,0,0,0,0,0,0,0,0,0,0,0,0,0,0,0,0,0,0,0,0,0,0,0,0,0,0,0,0,0,0,0,0,0,0,0,0,0,0,0,0,0,0,0,0,0,0,0,0,0,0,0,0,0,0,0,0,0,0,0,0,0,0,0,0,0,0,0,0,0,0,0,0,0,0,0,0,0,0,0,0,0,0,0,0,0,0,0,0,0,0,0,0,0,0,0,0,0,0,0,0,0,0,0,0,0,0,0,0,0,0,0,0,0,0,0,0,0,0,0,0,0,0,0,0,0,0,0,0,0,0,0,0,0,0,0,0,0,0,1.998497,0,4.150178,0,0,0,0,0,0,0,0,0,0,0,0,0,0,0,0,0,0,0,0,0,0,0,0,0,6.221103,0.017889,0,0,0,0,0,0,0,0,0,0,0,0,0,0,0,0,0,0,0,0,0,0
EN300-1001293_4_C_SP2,0,0,0,0,0,0,0,0,0,0,0,0,0,0,0,0,0,0,0,0,0,0,0,0,0,0,1.982685,0,0,1.534926,0,0,0,0,0,0,0,0,0,1.221701,1.358217,0,0,0,0,0,0,0,0,0,0,0,7.183666,0,0,0,0,0,0,0,2.549588,0,0,0,0,0,0,0,0,0,0,0,0,0,0,0,0,0,3.451561,0,0,3.154459,0,0,0,0,0,0,0,0,0,0,0,0,0,0,0,0,0,0,0,0,0,0,9.043945,0,4.786392,0,0,0,0,0,0,0,0,0,0,4.176592,0,0,0,0,0,4.025153,0,0,0,0,0,0,5.813135,0,10.733622,0,0,0,0,0,0,0,0,0,0,5.04516,0,0,0,0,0,0,0,0,0,0,0,0,6.666183,0,19.525218,0,0,0,0,0,0,0,0,0,0,0,0,0,0,0,0,0,0,0,0,0,0,0,7.721889,0,0,0,0,0,0,0,0,0,0,0,0,0,0,0,0,0,0,0,0,0,7.874763,0,0,0,0,0,0,0,0,0,0,0,0,0,0,0,0,0,0,0,0,0,0,0,0,0,0,0,0,0,0,0,0,0,0,0,0,0,0,0,0,0,0,0,0,0,0,0,0,0,0,0,0,0,0,0,0,0,0,0,0,0,0,0,0,0,0,0,0,0,0,0,0,0,0,0,0,0,0,0,0,0,0,0,0,0,0,0,0,0,0,0,0,0,0,0,0,0,0,0,0,0,0,0,0,0,0,0,5.745706,0,0,0,0,0,0,0,2.00702,0,0,0,0,0,0,0,0,0,0,0,0,0,0,0,0,0,0,0,0,1.219878,0,0,0,0,0,0,0,0,0,0,0,0,0,0,0,2.588969,0,0,0,0,0,0
EN300-105387_2_C_SP2,0,0,0,0,0,0,0,0,0,0,0,0,0,0,0,0,0,0,0,0,0,0,0,0,0,0,1.846954,0,1.482294,0,0,0,0,0,0,0,0,0,0,1.216474,1.343456,0,0,0,0,0,0,0,0,0,0,0,5.43876,0,4.996358,0,0,0,0,0,0,0,0,0,0,0,0,0,0,0,0,0,0,0,0,0,0,0,0,0,7.561552,0,0,0,0,0,0,0,0,0,0,0,0,0,0,0,0,0,0,0,0,0,0,0,0,0,4.279211,0,0,0,0,0,0,0,0,0,0,0,0,0,0,0,0,0,0,4.872699,0,0,0,0,5.367121,0,0,5.011177,0,0,0,0,0,0,0,0,0,0,0,0,0,0,0,0,0,10.719702,0,0,0,0,0,0,0,0,0,0,0,0,0,0,0,0,0,0,0,0,0,0,0,0,0,6.083521,0,0,0,0,0,0,0,0,0,0,0,0,0,0,0,0,0,0,0,0,0,0,0,0,0,0,0,0,0,0,0,0,0,0,0,0,0,0,0,0,0,0,0,0,0,0,0,0,0,0,0,0,0,0,0,0,0,0,0,0,0,0,0,0,0,0,0,0,0,0,0,0,0,0,0,0,0,0,0,0,0,0,0,0,0,0,0,0,0,0,0,0,0,0,0,0,0,0,0,0,0,0,0,0,0,0,0,0,0,0,0,0,0,0,0,0,0,0,0,0,0,0,0,0,0,0,0,0,0,0,0,0,0,0,1.817879,0,4.192668,0,0,0,0,0,0,0,0,0,0,0,0,0,0,0,0,0,0,0,0,0,0,0,0.004472,0,6.278713,0,0,0,0,0,0,0,0,0,0,0,0,0,0,0,0,0,0,0,0,0,0,0
EN300-106141_2_C_SP2,0,0,0,0,0,0,0,0,0,0,0,0,0,0,0,0,0,0,0,0,0,0,0,0,0,0,1.845603,0,0,1.578929,0,0,0,0,0,0,0,0,0,1.224313,1.357395,0,0,0,0,0,0,0,0,0,0,0,8.192724,0,0,7.885869,0,0,0,0,0,0,0,0,0,0,0,0,0,0,0,0,0,0,0,0,0,0,13.312569,0,6.809116,3.52988,0,0,0,0,0,0,0,0,0,0,0,0,0,0,0,0,0,0,0,0,0,0,13.314315,0,9.175186,0,0,0,0,0,0,0,0,0,0,0,0,0,0,0,0,0,0,0,0,0,0,0,5.263362,0,11.047808,0,0,0,0,0,0,0,0,0,0,0,0,0,0,0,0,0,0,0,0,0,0,0,12.971601,0,0,0,0,0,0,0,0,0,0,0,0,0,0,0,0,0,0,0,0,0,0,0,0,0,0,0,0,0,0,0,0,0,0,0,0,0,0,0,0,0,0,0,0,0,0,0,0,0,0,0,0,0,0,0,0,0,0,0,0,0,0,0,0,0,0,0,0,0,0,0,0,0,0,0,0,0,0,0,0,0,0,0,0,0,0,0,0,0,0,0,0,0,0,0,0,0,0,0,0,0,0,0,0,0,0,0,0,0,0,0,0,0,0,0,0,0,0,0,0,0,0,0,0,0,0,0,0,0,0,0,0,0,0,0,0,0,0,0,0,0,0,0,0,0,0,0,0,0,0,0,0,0,0,0,1.798628,0,0,5.94109,0,0,0,0,0,0,0,0,0,0,0,0,0,0,0,0,0,0,0,0,0,0,7.898601,0,1.425506,2.411571,0,0,0,0,0,0,0,0,0,0,0,0,0,0,0,0,0,0,0,0,0,0
EN300-110297_9_C_SP2,0,0,0,0,0,0,0,0,0,0,0,0,0,0,0,0,0,0,0,0,0,0,0,0,0,0,1.849412,0,1.494981,0,0,0,0,0,0,0,0,0,0,1.220211,1.346257,0,0,0,0,0,0,0,0,0,0,0,2.632122,0,2.394279,0,0,0,0,2.494688,0,0,0,0,0,0,0,0,0,0,0,0,0,0,0,0,0,0,0,0,7.406269,0,0,0,0,0,0,0,0,0,0,0,0,0,0,0,0,0,0,0,0,0,0,0,0,0,0,4.920478,0,0,0,0,0,0,4.164181,0,0,4.745277,0,0,0,0,0,0,0,0,0,0,0,0,21.194342,0,0,0,0,0,0,0,0,0,0,0,0,0,0,0,0,0,0,0,0,0,0,0,0,0,0,0,0,0,0,0,0,0,0,0,0,0,0,0,0,0,0,0,0,0,0,0,0,0,0,0,0,0,0,0,0,0,0,0,0,0,0,0,0,0,0,0,0,0,0,0,0,0,0,0,0,0,0,0,0,0,0,0,0,0,0,0,0,0,0,0,0,0,0,0,0,0,0,0,0,0,0,0,0,0,0,0,0,0,0,0,0,0,0,0,0,0,0,0,0,0,0,0,0,0,0,0,0,0,0,0,0,0,0,0,0,0,0,0,0,0,0,0,0,0,0,0,0,0,0,0,0,0,0,0,0,0,0,0,0,0,0,0,0,0,0,0,0,0,0,0,0,0,0,0,0,0,0,0,0,0,1.821338,0,2.010305,0,0,0,0,2.100588,0,0,0,0,0,0,0,0,0,0,0,0,0,0,0,0,0,0,0,0,6.278713,0,0,0,0,0,0,0,0,0,0,0,0,0,0,0,0,0,0,0,0,0,0,0
EN300-11486_21_C_SP2,0,0,0,0,0,0,0,0,0,0,0,0,0,0,0,0,0,0,0,0,0,0,0,0,0,0,1.855906,0,0,1.501805,0,0,0,0,0,0,0,0,0,1.219392,1.346702,0,0,0,0,0,0,0,0,0,0,0,7.241999,0,0,4.982889,0,0,0,0,0,0,0,0,0,0,0,0,0,0,0,0,0,0,0,0,0,0,6.211683,0,3.627177,0,0,0,0,0,0,0,3.576593,0,0,0,0,0,0,0,0,0,0,0,0,0,0,0,4.858362,0,4.855259,0,0,0,0,0,0,0,0,0,0,4.745043,0,0,0,0,0,0,0,0,0,0,0,0,0,0,11.303248,0,0,0,0,0,0,0,0,0,0,0,0,0,0,0,0,0,0,0,0,0,0,0,6.102805,0,6.69035,0,0,0,0,0,0,0,0,0,0,0,0,0,0,0,0,0,0,0,0,0,0,0,7.223902,0,14.761271,0,0,0,0,0,0,0,0,0,0,0,0,0,0,0,0,0,0,0,0,0,0,0,16.707031,0,0,0,0,0,0,0,0,0,0,0,0,0,0,0,0,0,0,0,0,0,0,0,0,0,9.593774,0,0,9.61607,0,0,0,0,0,0,0,0,0,19.254792,0,0,0,0,0,9.241914,0,0,0,0,0,0,41.45767,0,0,21.052744,0,0,0,0,10.119684,0,0,0,0,0,0,0,0,0,0,0,0,0,0,0,0,0,11.479461,0,0,0,0,0,0,0,0,0,0,0,0,0,0,0,0,0,0,0,0,0,0,0,0,0,3.726389,0,0,3.882258,0,0,0,0,0,0,0,0,0,0,0,0,0,0,0,0,0,0,0,0,0,0,4.283628,0,2.398781,0,0,0,0,0,0,0,2.413147,0,0,0,0,0,0,0,0,0,0,0,0,0,0,0
EN300-122001_10_C_SP2,0,0,0,0,0,0,0,0,0,0,0,0,0,0,0,0,0,0,0,0,0,0,0,0,0,0,1.966698,0,1.479008,0,0,0,0,0,0,0,0,0,0,1.21793,1.34932,0,0,0,0,0,0,0,0,0,0,0,5.405609,0,4.980063,0,0,0,0,0,0,0,0,0,0,0,0,0,0,0,0,0,0,0,0,0,0,0,0,0,7.540955,0,0,0,0,0,0,0,0,0,0,0,0,0,0,0,0,0,0,0,0,0,0,0,9.456196,0,4.262278,0,0,0,0,0,0,0,0,0,0,0,0,0,0,0,0,0,0,0,0,0,0,0,10.632961,0,0,11.465234,0,0,0,0,0,0,0,0,0,0,0,0,0,0,5.291114,0,0,0,0,0,0,0,19.728263,0,0,0,0,0,0,0,0,0,0,0,0,0,0,0,0,0,0,0,0,0,0,0,0,0,0,0,0,0,0,0,0,0,0,0,0,0,0,0,0,0,0,0,0,0,0,0,0,0,0,0,0,0,0,0,0,0,0,0,0,0,0,0,0,0,0,0,0,0,0,0,0,0,0,0,0,0,0,0,0,0,0,0,0,0,0,0,0,0,0,0,0,0,0,0,0,0,0,0,0,0,0,0,0,0,0,0,0,0,0,0,0,0,0,0,0,0,0,0,0,0,0,0,0,0,0,0,0,0,0,0,0,0,0,0,0,0,0,0,0,0,0,0,0,0,0,0,0,0,0,0,0,0,0,0,2.001126,0,4.18052,0,0,0,0,0,0,0,0,0,0,0,0,0,0,0,0,0,0,0,0,0,0,0,0.042899,0,6.266064,0,0,0,0,0,0,0,0,0,0,0,0,0,0,0,0,0,0,0,0,0,0,0
EN300-123495_3_C_SP2,0,0,0,0,0,0,0,0,0,0,0,0,0,0,0,0,0,0,0,0,0,0,0,0,0,0,1.97502,0,0,1.520207,0,0,0,0,0,0,0,0,0,1.22207,1.351802,0,0,0,0,0,0,0,0,0,0,0,16.684641,0,0,7.593613,0,0,0,0,0,0,0,0,0,0,0,0,0,0,0,0,0,0,0,0,0,0,0,0,0,11.624714,0,0,0,0,0,0,0,0,0,0,0,0,0,0,0,0,0,0,0,0,0,0,27.194704,0,0,0,0,0,0,0,4.117911,0,0,0,0,0,0,0,0,0,0,0,0,0,0,0,0,0,0,0,0,0,0,0,0,0,0,0,0,0,0,0,0,0,0,0,0,0,0,0,0,0,0,0,0,0,0,0,0,0,0,0,0,0,0,0,0,0,0,0,0,0,0,0,0,0,0,0,0,0,0,0,0,0,0,0,0,0,0,0,0,0,0,0,0,0,0,0,0,0,0,0,0,0,0,0,0,0,0,0,0,0,0,0,0,0,0,0,0,0,0,0,0,0,0,0,0,0,0,0,0,0,0,0,0,0,0,0,0,0,0,0,0,0,0,0,0,0,0,0,0,0,0,0,0,0,0,0,0,0,0,0,0,0,0,0,0,0,0,0,0,0,0,0,0,0,0,0,0,0,0,0,0,0,0,0,0,0,0,0,0,0,0,0,0,0,0,0,0,0,0,0,0,0,0,0,0,0,0,0,2.012191,0,0,5.833645,0,0,0,0,0,0,0,0,0,0,0,0,0,0,0,0,0,0,0,0,0,0,6.169531,0,0,9.353978,0,0,0,0,0,0,0,0,0,0,0,0,0,0,0,0,0,0,0,0,0,0
EN300-12598_21_C_SP2,0,0,0,0,0,0,0,0,0,0,0,0,0,0,0,0,0,0,0,0,0,0,0,0,0,0,1.854101,0,0,1.514482,0,0,0,0,0,0,0,0,0,1.218578,1.347025,0,0,0,0,0,0,0,0,0,0,0,13.335227,0,0,5.027853,0,0,0,0,0,0,0,0,0,0,0,0,0,0,0,0,0,0,0,0,0,0,6.867408,0,0,6.348659,0,0,0,0,3.732955,0,0,0,0,0,0,0,0,0,0,0,0,0,0,0,0,0,8.294188,0,0,0,0,0,0,0,0,0,0,0,0,0,0,0,0,0,0,0,0,0,0,0,0,0,5.64696,0,0,0,0,0,0,0,0,0,0,0,0,11.206868,0,0,0,0,0,5.201987,0,0,0,0,0,0,13.86397,0,13.172133,6.601242,0,0,0,0,0,0,0,0,0,0,0,0,0,0,0,0,0,0,0,0,0,0,7.392561,0,15.070759,0,0,0,0,0,0,0,0,0,0,0,0,0,0,0,0,0,0,0,0,0,0,0,25.390448,0,16.804366,8.883087,0,0,0,0,0,0,0,0,0,0,0,0,0,0,0,0,0,0,0,0,0,0,28.82017,0,0,9.261854,0,0,0,0,0,0,0,0,0,0,0,0,0,0,0,0,0,0,0,0,0,0,42.4507,0,0,20.421055,0,0,0,0,0,0,0,0,0,0,0,0,0,0,0,0,0,0,0,0,0,0,11.212049,0,0,0,0,0,0,0,0,0,0,0,0,0,0,0,0,0,0,0,0,0,0,0,0,0,3.676809,0,0,3.879599,0,0,0,0,0,0,0,0,0,0,0,0,0,0,0,0,0,0,0,0,0,0,7.355816,0,0,2.629745,0,0,0,0,0,0,0,0,0,0,0,0,0,0,0,0,0,0,0,0,0,0
EN300-1264578_6_C_SP2,0,0,0,0,0,0,0,0,0,0,0,0,0,0,0,0,0,0,0,0,0,0,0,0,0,0,1.844219,0,1.46831,0,0,0,0,0,0,0,0,0,0,1.215265,1.341851,0,0,0,0,0,0,0,0,0,0,0,4.771107,0,2.428558,0,0,0,0,0,0,0,0,0,0,0,0,0,0,0,0,0,0,0,0,0,0,0,0,0,3.789716,0,0,0,0,0,0,0,0,0,0,0,0,0,0,0,0,0,0,0,0,0,0,0,13.898955,0,9.534201,4.739512,0,0,0,0,0,0,0,0,0,0,0,0,0,0,0,0,0,0,0,0,0,0,11.398509,0,0,5.421209,0,0,0,5.895275,0,0,0,0,0,0,0,0,0,0,0,0,0,0,0,0,0,0,6.453642,0,0,0,0,0,0,0,0,0,0,0,0,6.004277,0,0,0,0,0,0,0,0,0,0,0,0,0,0,0,0,0,0,0,0,0,0,0,0,0,0,0,0,0,0,0,0,0,0,0,0,0,0,0,0,0,0,0,0,0,0,0,0,0,0,0,0,0,0,0,0,0,0,0,0,0,0,0,0,0,0,0,0,0,0,0,0,0,0,0,0,0,0,0,0,0,0,0,0,0,0,0,0,0,0,0,0,0,0,0,0,0,0,0,0,0,0,0,0,0,0,0,0,0,0,0,0,0,0,0,0,0,0,0,0,0,0,0,0,0,0,0,0,0,0,0,0,0,0,0,0,0,0,0,0,0,0,3.854589,0,2.086327,0,0,0,0,0,0,0,0,0,0,0,0,0,0,0,0,0,0,0,0,0,0,0,0.02,0,3.141593,0,0,0,0,0,0,0,0,0,0,0,0,0,0,0,0,0,0,0,0,0,0,0
EN300-126703_18_C_SP2,0,0,0,0,0,0,0,0,0,0,0,0,0,0,0,0,0,0,0,0,0,0,0,0,0,0,1.849625,0,0,1.500993,0,0,0,0,0,0,0,0,0,1.221898,1.341933,0,0,0,0,0,0,0,0,0,0,0,7.863329,0,2.890758,5.102837,0,0,0,0,0,0,0,0,0,0,0,0,0,0,0,0,0,0,0,0,0,0,6.384342,0,10.757506,0,0,0,0,0,0,0,3.676656,0,0,0,0,0,0,0,0,0,0,0,0,0,0,0,4.007117,0,13.92284,0,0,0,0,0,0,0,0,0,0,4.880886,0,0,0,0,0,0,0,0,0,0,0,0,38.77621,0,0,22.09069,0,0,0,0,0,0,0,0,0,5.301414,0,0,0,0,0,0,0,0,0,0,0,0,20.060368,0,0,0,0,0,0,0,0,0,0,0,0,0,0,0,0,0,0,0,0,0,0,0,0,0,0,0,0,0,0,0,0,0,0,0,0,0,0,0,0,0,0,0,0,0,0,0,0,0,0,0,0,0,0,0,0,0,0,0,0,0,0,0,0,0,0,0,0,0,0,0,0,0,0,0,0,0,0,0,0,0,0,0,0,0,0,0,0,0,0,0,0,0,0,0,0,0,0,0,0,0,0,0,0,0,0,0,0,0,0,0,0,0,0,0,0,0,0,0,0,0,0,0,0,0,0,0,0,0,0,0,0,0,0,0,0,0,0,0,0,0,0,0,0,0,0,0,0,0,0,0,0,0,0,0,3.686551,0,0,4.009669,0,0,0,0,0,0,0,0,0,0,0,0,0,0,0,0,0,0,0,0,0,0,3.691124,0,3.338076,0,0,0,0,0,0,0,2.787323,0,0,0,0,0,0,0,0,0,0,0,0,0,0,0
EN300-1273099_2_C_SP2,0,0,0,0,0,0,0,0,0,0,0,0,0,0,0,0,0,0,0,0,0,0,0,0,0,0,1.985455,0,0,1.519241,0,0,0,0,0,0,0,0,0,1.221274,1.357824,0,0,0,0,0,0,0,0,0,0,0,7.17163,0,2.537493,0,0,0,0,0,0,0,0,0,0,0,0,0,0,0,0,0,0,0,0,0,0,0,0,0,6.779132,0,0,0,0,0,0,0,0,0,0,0,0,0,0,0,0,0,0,0,0,0,0,0,0,0,9.225269,0,0,0,0,4.344206,0,0,0,0,0,0,0,0,0,0,0,0,0,0,0,0,0,0,5.081765,0,10.720213,0,0,0,0,0,0,0,0,0,0,5.84904,0,0,0,0,0,0,0,0,0,0,0,0,12.611413,0,6.825878,0,0,0,0,0,0,0,0,0,0,0,0,0,0,0,0,0,0,0,0,0,0,0,0,0,7.086249,0,0,0,0,0,0,0,0,0,0,0,0,0,0,0,0,0,0,0,0,0,0,0,16.998623,0,16.475289,0,0,0,0,0,0,0,0,0,0,0,0,0,0,0,0,0,0,0,0,0,0,0,0,0,18.680121,0,0,0,0,0,0,0,0,0,0,0,0,0,0,0,0,0,0,0,0,0,0,0,20.634284,0,0,0,0,0,0,0,0,0,0,0,0,0,0,0,0,0,0,0,0,0,0,0,0,0,0,0,0,0,0,0,0,0,0,0,0,0,0,0,0,0,0,0,0,0,0,0,0,0,0,0,5.801924,0,1.985879,0,0,0,0,0,0,0,0,0,0,0,0,0,0,0,0,0,0,0,0,0,0,0,0,0,3.171413,0,0,0,0,0,0,0,0,0,0,0,0,0,0,0,0,0,0,0,0,0,0,0
EN300-13211_4_C_SP2,0,0,0,0,0,0,0,0,0,0,0,0,0,0,0,0,0,0,0,0,0,0,0,0,0,0,1.847724,0,1.447351,0,0,0,0,0,0,0,0,0,0,1.222511,1.345699,0,0,0,0,0,0,0,0,0,0,0,0,0,5.121778,0,0,0,0,0,0,0,0,0,0,0,0,0,0,0,0,0,0,0,0,0,0,0,6.524178,0,7.105903,3.209604,0,0,0,0,0,0,0,0,0,3.643657,0,0,0,0,0,0,0,3.364967,0,0,0,0,4.255287,0,9.783041,0,0,0,0,0,0,0,0,0,0,0,0,0,0,0,0,0,0,0,0,0,0,0,0,0,5.426322,0,0,0,0,0,0,0,0,0,0,0,0,0,0,0,0,0,0,5.742637,0,0,0,0,0,0,0,0,0,0,0,0,0,0,0,0,0,0,0,0,0,0,0,0,0,12.82866,0,0,0,0,0,0,0,0,0,0,0,0,0,0,0,0,0,0,0,0,0,0,0,0,0,0,0,0,0,0,0,0,0,0,0,0,0,0,0,0,0,0,0,0,0,0,0,0,0,0,0,0,0,0,0,0,0,0,0,0,0,0,0,0,0,0,0,0,0,0,0,0,0,0,0,0,0,0,0,0,0,0,0,0,0,0,0,0,0,0,0,0,0,0,0,0,0,0,0,0,0,0,0,0,0,0,0,0,0,0,0,0,0,0,0,0,0,0,0,0,0,0,0,0,0,0,0,0,0,0,0,0,0,0,1.818165,0,4.441055,0,0,0,0,0,0,0,0,0,0,0,0,0,0,0,0,0,0,0,0,0,0,0,0,0,3.141593,0,0,0,0,0,0,0,0,0,0,3.141593,0,0,0,0,0,0,0,0,0,0,0,0
EN300-1428693_2_C_SP2,0,0,0,0,0,0,0,0,0,0,0,0,0,0,0,0,0,0,0,0,0,0,0,0,0,0,1.853539,0,1.460452,0,0,0,0,0,0,0,0,0,0,1.213313,1.342437,0,0,0,0,0,0,0,0,0,0,0,0,0,4.941562,0,0,0,0,0,0,0,0,0,0,0,0,0,0,0,0,0,0,2.746189,0,0,0,0,0,0,7.49044,0,0,0,0,0,0,0,0,0,0,0,0,0,0,0,0,0,0,0,0,3.179186,0,0,4.585471,0,4.255219,0,0,0,0,0,0,0,0,0,4.97631,0,0,0,0,0,0,0,0,0,0,0,0,0,5.343983,0,0,0,0,0,0,0,0,0,0,0,0,11.188379,0,0,0,0,0,0,0,0,0,0,0,0,0,0,0,0,0,0,0,0,0,0,0,0,0,0,0,0,0,0,0,0,0,0,0,0,0,0,0,0,0,0,0,0,0,0,0,0,0,0,0,0,0,0,0,0,0,0,0,0,0,0,0,0,0,0,0,0,0,0,0,0,0,0,0,0,0,0,0,0,0,0,0,0,0,0,0,0,0,0,0,0,0,0,0,0,0,0,0,0,0,0,0,0,0,0,0,0,0,0,0,0,0,0,0,0,0,0,0,0,0,0,0,0,0,0,0,0,0,0,0,0,0,0,0,0,0,0,0,0,0,0,0,0,0,0,0,0,0,0,0,0,0,0,0,0,0,0,0,0,0,0,0,0,0,0,0,0,1.828181,0,4.174937,0,0,0,0,0,0,0,0,0,0,0,0,0,0,0,0,0,0,0,0,0,0,0,0,0,6.276861,0,0,0,0,0,0,0,0,0,0,0,0,0,0,0,0,0,0,0.014142,0,0.027569,0,0
EN300-151126_11_C_SP2,0,0,0,0,0,0,0,0,0,0,0,0,0,0,0,0,0,0,0,0,0,0,0,0,0,0,1.840785,0,1.484067,0,0,0,0,0,0,0,0,0,0,1.217312,1.345464,0,0,0,0,0,0,0,0,0,0,0,5.426375,0,4.98971,0,0,0,0,0,0,0,0,0,0,0,0,0,0,0,0,0,0,0,0,0,0,0,0,0,7.557665,0,0,0,0,0,0,0,0,0,0,0,0,0,0,0,0,0,0,0,0,0,0,0,4.630537,0,4.29122,0,0,0,0,0,0,0,0,0,0,0,0,0,0,0,0,0,0,0,0,0,0,0,10.794023,0,5.685628,5.576874,0,0,0,0,0,0,0,0,5.04448,0,0,0,0,0,0,0,0,0,0,0,0,0,13.165014,0,6.034982,0,0,0,0,0,0,0,0,0,0,0,0,0,0,0,0,0,0,0,0,0,0,0,7.064223,0,0,0,0,0,0,0,0,0,0,0,0,0,0,0,0,0,0,0,0,0,0,0,0,0,0,0,0,0,0,0,0,0,0,0,0,0,0,0,0,0,0,0,0,0,0,0,0,0,0,0,0,0,0,0,0,0,0,0,0,0,0,0,0,0,0,0,0,0,0,0,0,0,0,0,0,0,0,0,0,0,0,0,0,0,0,0,0,0,0,0,0,0,0,0,0,0,0,0,0,0,0,0,0,0,0,0,0,0,0,0,0,0,0,0,0,0,0,0,0,0,0,0,0,0,0,0,0,0,1.807076,0,4.178094,0,0,0,0,0,0,0,0,0,0,0,0,0,0,0,0,0,0,0,0,0,0,0,0,0,6.283185,0,0,0,0,0,0,0,0,0,0,0,0,0,0,0,0,0,0,0,0,0,0,0
EN300-157453_15_C_SP2,0,0,0,0,0,0,0,0,0,0,0,0,0,0,0,0,0,0,0,0,0,0,0,0,0,0,1.918314,0,0,1.532834,0,0,0,0,0,0,0,0,0,1.221637,1.356926,0,0,0,0,0,0,0,0,0,0,0,10.607592,0,0,2.517438,0,0,0,0,0,0,2.465235,0,0,0,0,0,0,0,0,0,0,0,0,0,0,0,3.475742,0,3.54633,0,0,0,0,0,0,0,0,0,0,3.836292,0,0,0,0,0,0,0,0,0,0,0,0,4.696326,0,4.745402,0,0,0,0,0,0,0,0,0,0,0,0,0,0,0,0,0,0,0,0,0,0,0,0,0,0,0,0,0,0,0,0,0,0,0,5.130443,0,0,0,0,0,0,0,0,0,0,0,0,0,6.412385,0,19.532874,0,0,0,0,0,0,0,0,0,0,0,0,0,0,0,0,0,0,0,0,0,0,0,7.450543,0,7.520717,0,0,0,0,0,0,0,0,0,0,0,0,0,0,0,0,0,0,0,0,0,0,0,8.961912,0,17.226378,0,0,0,0,0,0,0,0,0,0,0,0,0,0,0,0,0,0,0,0,0,0,0,9.671303,0,9.211667,0,0,0,0,0,0,0,0,0,0,0,0,0,0,0,0,0,0,0,0,0,0,0,10.2854,0,0,0,0,0,0,0,0,0,0,0,0,0,0,0,0,0,0,0,0,0,0,0,0,0,0,0,0,0,0,0,0,0,0,0,0,0,0,0,0,0,0,0,0,0,0,0,0,0,0,0,3.767601,0,0,1.936433,0,0,0,0,0,0,1.921817,0,0,0,0,0,0,0,0,0,0,0,0,0,0,0,6.703939,0,2.103762,0,0,0,0,0,0,0,0,0,0,0,0,0,0,0,0,0,0,0,0,0,0,0
EN300-1587652_8_C_SP2,0,0,0,0,0,0,0,0,0,0,0,0,0,0,0,0,0,0,0,0,0,0,0,0,0,0,1.862573,0,0,1.513509,0,0,0,0,0,0,0,0,0,1.221995,1.348614,0,0,0,0,0,0,0,0,0,0,0,5.232104,0,0,5.022589,0,0,0,0,0,0,0,0,0,0,0,0,0,0,0,0,0,2.409441,0,0,0,0,10.03114,0,0,7.046357,0,0,0,0,0,0,0,0,0,0,3.664475,0,0,0,0,0,0,0,0,0,0,0,13.020503,0,0,0,0,0,0,0,0,0,0,0,0,0,0,0,0,0,0,0,0,0,0,0,0,0,0,0,0,0,0,0,0,0,0,0,0,0,0,0,0,0,0,0,0,0,0,0,0,0,0,0,0,0,0,0,0,0,0,0,0,0,0,0,0,0,0,0,0,0,0,0,0,0,0,0,0,0,0,0,0,0,0,0,0,0,0,0,0,0,0,0,0,0,0,0,0,0,0,0,0,0,0,0,0,0,0,0,0,0,0,0,0,0,0,0,0,0,0,0,0,0,0,0,0,0,0,0,0,0,0,0,0,0,0,0,0,0,0,0,0,0,0,0,0,0,0,0,0,0,0,0,0,0,0,0,0,0,0,0,0,0,0,0,0,0,0,0,0,0,0,0,0,0,0,0,0,0,0,0,0,0,0,0,0,0,0,0,0,0,0,0,0,0,0,0,0,0,0,0,0,0,0,0,0,0,0,0,1.834812,0,0,3.903102,0,0,0,0,0,0,0,0,0,0,0,0,0,0,0,0,0,1.978102,0,0,0,0,2.711715,0,0,4.311437,0,0,0,0,0,0,0,0,0,0,2.578972,0,0,0,0,0,0,0,0,0,0,0
EN300-1709227_20_C_SP2,0,0,0,0,0,0,0,0,0,0,0,0,0,0,0,0,0,0,0,0,0,0,0,0,0,0,1.964923,0,0,1.507776,0,0,0,0,0,0,0,0,0,1.220948,1.354437,0,0,0,0,0,0,0,0,0,0,0,9.815059,0,0,2.530783,0,0,0,0,0,0,0,0,0,0,0,0,0,0,0,0,0,0,0,0,0,0,0,0,0,3.121829,0,0,0,0,0,0,3.798442,0,0,0,3.651059,0,0,0,0,0,0,0,0,0,0,0,27.466728,0,4.509999,4.609409,0,0,0,0,0,0,0,0,0,0,4.318421,0,0,0,0,0,0,0,0,0,0,0,11.590847,0,5.915609,16.559272,0,0,0,0,0,0,0,0,0,5.542046,0,0,0,0,0,0,0,0,0,0,0,0,32.846143,0,13.347893,6.767266,0,0,0,0,0,0,0,0,0,0,0,0,0,0,0,0,0,0,0,0,0,0,14.674687,0,7.896472,0,0,0,0,0,0,0,0,0,0,0,0,0,0,0,0,0,0,0,0,0,0,0,17.321111,0,16.574155,0,0,0,0,0,0,0,0,0,0,0,0,0,0,0,0,0,0,0,0,0,0,0,9.584892,0,0,0,0,0,0,0,0,0,0,0,0,0,0,0,0,0,0,0,0,0,0,0,0,0,0,0,0,0,0,0,0,0,0,0,0,0,0,0,0,0,0,0,0,0,0,0,0,0,0,0,0,0,0,0,0,0,0,0,0,0,0,0,0,0,0,0,0,0,0,0,0,0,0,0,0,0,5.759535,0,0,1.962571,0,0,0,0,0,0,0,0,0,0,0,0,0,0,0,0,0,0,0,0,0,0,0.933991,0,0,1.172748,0,0,0,0,0,0,2.994491,0,0,0,0,0,0,0,0,0,0,0,0,0,0,0
EN300-1722891_14_C_SP2,0,0,0,0,0,0,0,0,0,0,0,0,0,0,0,0,0,0,0,0,0,0,0,0,0,0,1.861094,0,0,1.568183,0,0,0,0,0,0,0,0,0,1.228109,1.360409,0,0,0,0,0,0,0,0,0,0,0,5.076276,0,0,2.598538,0,0,0,0,0,0,2.598439,0,0,0,0,0,0,0,0,0,0,0,0,0,0,0,3.535791,0,3.466103,10.142816,0,0,0,0,0,0,0,0,0,3.899221,0,0,0,0,0,0,0,0,0,0,0,0,16.989547,0,0,0,0,0,0,0,0,0,0,0,0,0,4.305149,0,0,0,0,0,0,0,0,0,0,0,10.273797,0,0,10.993,0,0,0,0,0,0,0,0,0,0,0,0,0,0,0,0,0,0,0,0,0,0,32.258103,0,0,12.833779,0,0,0,0,0,0,0,0,0,0,0,0,0,0,0,0,0,0,0,0,0,0,14.762436,0,0,0,0,0,0,0,0,0,0,0,0,0,0,0,0,0,0,0,0,0,0,0,0,0,0,0,0,0,0,0,0,0,0,0,0,0,0,0,0,0,0,0,0,0,0,0,0,0,0,0,0,0,0,0,0,0,0,0,0,0,0,0,0,0,0,0,0,0,0,0,0,0,0,0,0,0,0,0,0,0,0,0,0,0,0,0,0,0,0,0,0,0,0,0,0,0,0,0,0,0,0,0,0,0,0,0,0,0,0,0,0,0,0,0,0,0,0,0,0,0,0,0,0,0,0,0,0,0,3.761432,0,0,2.036655,0,0,0,0,0,0,2.02388,0,0,0,0,0,0,0,0,0,0,0,0,0,0,0,0,0,1.703687,3.905431,0,0,0,0,0,0,0,0,0,0,0,0,0,0,0,0,0,0,0,0,0,0
EN300-1788836_11_C_SP2,0,0,0,0,0,0,0,0,0,0,0,0,0,0,0,0,0,0,0,0,0,0,0,0,0,0,1.96113,0,0,1.506609,0,0,0,0,0,0,0,0,0,1.221292,1.350645,0,0,0,0,0,0,0,0,0,0,0,6.902629,0,0,2.506188,0,0,0,0,0,0,0,0,0,0,0,0,0,0,0,0,0,0,0,0,0,0,6.621814,0,6.621116,0,0,0,0,0,0,0,0,0,0,0,0,0,0,0,0,0,0,0,0,0,0,0,9.543579,0,8.80871,0,0,0,0,0,0,0,0,0,0,0,0,0,0,0,0,0,0,0,0,0,0,0,5.750393,0,10.590655,5.660263,0,0,0,0,0,0,0,0,5.507418,0,0,0,0,0,0,0,0,0,0,0,0,0,12.785441,0,13.175771,0,0,0,0,0,0,0,0,0,0,0,0,0,0,0,0,0,0,0,0,0,0,0,14.960729,0,0,0,0,0,0,0,0,0,0,0,0,0,0,0,0,0,0,0,0,0,0,0,0,0,0,0,0,0,0,0,0,0,0,0,0,0,0,0,0,0,0,0,0,0,0,0,0,0,0,0,0,0,0,0,0,0,0,0,0,0,0,0,0,0,0,0,0,0,0,0,0,0,0,0,0,0,0,0,0,0,0,0,0,0,0,0,0,0,0,0,0,0,0,0,0,0,0,0,0,0,0,0,0,0,0,0,0,0,0,0,0,0,0,0,0,0,0,0,0,0,0,0,0,0,0,0,0,0,5.761967,0,0,1.946781,0,0,0,0,0,0,0,0,0,0,0,0,0,0,0,0,0,0,0,0,0,0,3.589583,0,1.368275,0,0,0,0,0,0,0,0,0,0,0,0,0,0,0,0,0,0,0,0,0,0,0
EN300-181934_2_C_SP2,0,0,0,0,0,0,0,0,0,0,0,0,0,0,0,0,0,0,0,0,0,0,0,0,0,0,1.856859,0,1.491257,0,0,0,0,0,0,0,0,0,0,1.218103,1.349933,0,0,0,0,0,0,0,0,0,0,0,0,0,2.490413,0,0,0,0,2.443588,0,0,0,0,0,0,0,0,0,0,0,0,0,2.846546,0,0,0,0,0,0,7.442834,0,0,0,0,0,0,0,0,0,0,0,0,0,0,0,0,0,0,0,0,0,0,0,9.124027,0,4.248273,0,0,0,0,0,0,0,0,0,0,0,0,0,0,0,0,0,0,0,0,0,0,0,0,0,0,0,0,0,0,0,0,0,0,0,0,5.603266,0,0,0,0,0,0,0,0,0,0,0,0,12.944136,0,0,6.488408,0,0,0,0,0,0,0,0,0,0,0,0,0,0,0,0,0,0,0,0,0,0,0,0,0,7.86679,0,0,0,0,0,0,0,0,0,0,0,0,0,0,0,0,0,0,0,0,0,0,16.443564,0,0,8.650547,0,0,0,0,0,0,0,0,0,0,0,0,0,0,0,0,0,0,0,0,0,0,28.379985,0,0,9.060977,0,0,0,0,0,0,0,0,0,0,0,0,0,0,0,0,0,0,0,0,0,0,0,0,0,0,0,0,0,0,0,0,0,0,0,0,0,0,0,0,0,0,0,0,0,0,0,0,0,0,0,0,0,0,0,0,0,0,0,0,0,0,0,0,0,0,0,0,0,0,0,0,0,0,1.827178,0,2.088085,0,0,0,0,2.055046,0,0,0,0,0,0,0,0,0,0,0,0,0,0,0,0,0,0,0,0,6.265297,0,0,0,0,0,0,0,0,0,0,0,0,0,0,0,0,0,0,0.012649,0,0,0,0
EN300-183205_7_C_SP2,0,0,0,0,0,0,0,0,0,0,0,0,0,0,0,0,0,0,0,0,0,0,0,0,0,0,1.849758,0,0,1.531524,0,0,0,0,0,0,0,0,0,1.218939,1.356209,0,0,0,0,0,0,0,0,0,0,0,10.024083,0,0,2.518325,0,0,0,0,0,0,0,0,0,0,2.438792,0,0,0,0,0,0,0,0,0,0,0,0,0,0,3.914155,0,0,0,0,0,0,0,0,0,0,0,0,0,0,0,0,0,0,0,0,0,0,17.412841,0,0,9.466392,0,0,0,0,0,0,0,0,0,0,0,0,0,0,0,0,0,0,0,0,0,0,16.773945,0,0,0,0,0,0,0,0,0,0,0,0,0,0,0,0,0,0,0,0,0,0,0,0,0,0,0,0,0,0,0,0,0,0,0,0,0,0,0,0,0,0,0,0,0,0,0,0,0,0,0,0,0,0,0,0,0,0,0,0,0,0,0,0,0,0,0,0,0,0,0,0,0,0,0,0,0,0,0,0,0,0,0,0,0,0,0,0,0,0,0,0,0,0,0,0,0,0,0,0,0,0,0,0,0,0,0,0,0,0,0,0,0,0,0,0,0,0,0,0,0,0,0,0,0,0,0,0,0,0,0,0,0,0,0,0,0,0,0,0,0,0,0,0,0,0,0,0,0,0,0,0,0,0,0,0,0,0,0,0,0,0,0,0,0,0,0,0,0,0,0,0,0,0,0,0,0,0,0,0,0,3.673334,0,0,1.930168,0,0,0,0,0,0,0,0,0,0,1.935728,0,0,0,0,0,0,0,0,0,0,0,2.717528,0,0,3.135268,0,0,0,0,0,0,0,0,0,0,0,0,0,0,0,0,0,0,0,0,0,0
EN300-185652_5_C_SP2,0,0,0,0,0,0,0,0,0,0,0,0,0,0,0,0,0,0,0,0,0,0,0,0,0,0,1.97877,0,0,1.516324,0,0,0,0,0,0,0,0,0,1.220038,1.355799,0,0,0,0,0,0,0,0,0,0,0,4.274366,0,2.472478,0,0,0,0,0,0,0,0,0,0,0,0,0,0,0,0,0,0,0,0,0,0,0,7.083638,0,3.309473,3.67023,0,0,0,0,0,0,0,0,0,0,0,0,0,0,3.665792,0,0,0,0,0,0,0,4.757498,0,4.63305,0,0,0,0,4.464499,0,0,0,0,0,0,0,0,0,0,0,0,0,0,0,0,0,0,0,0,0,0,0,0,0,0,0,0,0,0,0,0,0,0,0,0,0,0,0,0,0,0,0,0,6.567021,0,0,6.738403,0,0,0,0,0,0,0,0,0,0,0,0,0,0,6.261739,0,0,6.491187,0,0,0,0,0,0,0,0,0,0,0,0,0,0,0,0,0,0,0,0,0,0,0,0,0,0,0,0,0,0,0,0,0,0,0,0,0,0,0,0,0,0,0,0,0,0,0,0,0,0,0,8.097664,0,0,0,0,0,0,0,0,0,0,0,0,0,0,0,0,0,0,0,0,0,0,0,0,0,0,0,0,0,0,0,0,0,0,0,0,0,0,0,0,0,0,0,0,0,0,0,0,0,0,0,0,0,0,0,0,0,0,0,0,0,0,0,0,0,0,0,0,0,0,0,0,0,0,0,0,0,0,0,0,0,0,5.809012,0,1.92666,0,0,0,0,0,0,0,0,0,0,0,0,0,0,0,0,0,0,0,0,0,0,0,0,0,1.344377,0,0,0,0,0,0,0,0,0,0,0,0,0,0,0,1.775401,0,0,0,0,0,0,0
EN300-18570536_16_C_SP2,0,0,0,0,0,0,0,0,0,0,0,0,0,0,0,0,0,0,0,0,0,0,0,0,0,0,1.970636,0,0,1.54578,0,0,0,0,0,0,0,0,0,1.225495,1.350439,0,0,0,0,0,0,0,0,0,0,0,7.646898,0,0,2.591489,0,0,0,0,0,0,2.531938,0,0,0,0,0,0,0,0,0,0,0,0,0,0,0,10.649246,0,3.223761,13.834825,0,0,0,0,0,0,0,0,0,3.244272,0,0,0,0,0,0,0,0,0,0,0,0,25.685509,0,9.311485,0,0,0,0,0,0,0,0,0,0,0,0,0,0,0,0,0,0,0,0,0,0,0,5.927479,0,5.73201,0,0,0,0,0,0,0,0,0,0,0,0,0,0,0,0,0,0,0,0,0,0,0,6.59657,0,13.006654,0,0,0,0,0,0,0,0,0,0,0,0,0,0,0,0,0,0,0,0,0,0,0,7.84547,0,7.051799,0,0,0,0,0,0,0,0,0,0,0,0,0,0,0,0,0,0,0,0,0,0,0,8.097654,0,0,0,0,0,0,0,0,0,0,0,0,0,0,0,0,0,0,0,0,0,0,0,0,0,0,0,0,0,0,0,0,0,0,0,0,0,0,0,0,0,0,0,0,0,0,0,0,0,0,0,0,0,0,0,0,0,0,0,0,0,0,0,0,0,0,0,0,0,0,0,0,0,0,0,0,0,0,0,0,0,0,0,0,0,0,0,0,0,0,0,0,0,0,0,0,0,0,0,0,0,0,0,3.790425,0,0,1.962142,0,0,0,0,0,0,1.984587,0,0,0,0,0,0,0,0,0,0,0,0,0,0,0,0,0,1.106605,7.316621,0,0,0,0,0,0,0,0,0,0,0,0,0,0,0,0,0,0,0,0,0,0
EN300-186646_14_C_SP2,0,0,0,0,0,0,0,0,0,0,0,0,0,0,0,0,0,0,0,0,0,0,0,0,0,0,1.952295,0,0,1.539792,0,0,0,0,0,0,0,0,0,1.223191,1.358579,0,0,0,0,0,0,0,0,0,0,0,10.423874,0,0,2.459584,0,0,0,0,0,0,2.494048,0,0,0,0,0,0,0,0,0,0,0,0,0,0,0,0,0,7.431416,0,0,0,0,0,0,0,0,0,0,0,0,0,0,0,0,0,0,0,0,0,0,0,4.91247,0,0,0,0,0,0,0,0,0,4.830956,0,0,8.342741,4.630022,0,0,0,0,0,0,0,0,0,0,0,11.692317,0,0,5.982417,0,0,0,0,0,0,0,0,0,0,0,0,0,0,0,0,0,0,0,0,0,0,26.052831,0,0,19.925086,0,0,0,0,0,0,0,0,0,0,0,0,0,0,0,0,0,0,0,0,0,0,22.135911,0,0,0,0,0,0,0,0,0,0,0,0,0,0,0,0,0,0,0,0,0,0,0,0,0,8.002246,0,0,0,0,0,0,0,0,0,0,0,0,0,0,0,0,0,0,0,0,0,0,0,0,0,0,0,0,0,0,0,0,0,0,0,0,0,0,0,0,0,0,0,0,0,0,0,0,0,0,0,0,0,0,0,0,0,0,0,0,0,0,0,0,0,0,0,0,0,0,0,0,0,0,0,0,0,0,0,0,0,0,0,0,0,0,0,0,0,0,0,0,0,0,0,0,0,0,0,0,0,0,0,3.786477,0,0,1.857669,0,0,0,0,0,0,1.924275,0,0,0,0,0,0,0,0,0,0,0,0,0,0,0,3.423016,0,4.897928,0,0,0,0,0,0,0,0,0,0,0,0,0,0,0,0,0,0,0,0,0,0,0
EN300-195058_2_C_SP2,0,0,0,0,0,0,0,0,0,0,0,0,0,0,0,0,0,0,0,0,0,0,0,0,0,0,1.845873,0,1.482923,0,0,0,0,0,0,0,0,0,0,1.216565,1.343776,0,0,0,0,0,0,0,0,0,0,0,5.429402,0,4.998128,0,0,0,0,0,0,0,0,0,0,0,0,0,0,0,0,0,0,0,0,0,0,0,0,0,7.564782,0,0,0,0,0,0,0,0,0,0,0,0,0,0,0,0,0,0,0,0,0,0,0,4.625522,0,4.281793,0,0,0,0,0,0,0,0,0,0,4.914776,0,0,0,0,0,0,0,4.956002,0,0,0,0,0,0,0,5.415761,0,0,0,0,0,0,0,0,0,0,0,0,0,0,0,0,0,5.618482,0,0,0,0,0,0,0,0,0,0,0,0,0,0,0,0,0,0,0,0,0,0,0,0,0,6.701167,0,6.176711,0,0,0,0,0,0,0,0,0,0,0,0,0,0,0,0,0,0,0,0,0,0,0,0,0,0,0,0,0,0,0,0,0,0,0,0,0,0,0,0,0,0,0,0,0,0,0,0,0,0,0,0,0,0,0,0,0,0,0,0,0,0,0,0,0,0,0,0,0,0,0,0,0,0,0,0,0,0,0,0,0,0,0,0,0,0,0,0,0,0,0,0,0,0,0,0,0,0,0,0,0,0,0,0,0,0,0,0,0,0,0,0,0,0,0,0,0,0,0,0,0,0,0,0,0,0,0,0,0,0,0,0,1.815905,0,4.192763,0,0,0,0,0,0,0,0,0,0,0,0,0,0,0,0,0,0,0,0,0,0,0,0.020977,0,6.261353,0,0,0,0,0,0,0,0,0,0,0,0,0,0,0,0,0,0,0,0,0,0,0
EN300-21684076_2_C_SP2,0,0,0,0,0,0,0,0,0,0,0,0,0,0,0,0,0,0,0,0,0,0,0,0,0,0,1.850358,0,0,1.494608,0,0,0,0,0,0,0,0,0,1.225141,1.353103,0,0,0,0,0,0,0,0,0,0,0,0,0,0,8.242805,0,0,0,0,0,0,0,0,0,0,0,0,0,0,0,0,0,0,0,0,0,0,19.263617,0,0,3.453377,0,0,0,0,0,0,0,0,0,0,0,0,0,0,0,0,0,0,0,0,0,0,0,0,0,4.930413,0,0,0,0,0,0,0,0,0,0,0,0,0,0,0,0,0,0,0,0,0,0,10.868076,0,0,0,0,0,0,0,0,0,0,0,0,0,0,0,0,0,0,0,0,5.509825,0,0,0,0,0,0,0,0,0,0,0,0,0,0,0,0,0,0,0,0,0,0,0,0,0,0,0,0,0,0,0,0,0,0,0,0,0,0,0,0,0,0,0,0,0,0,0,0,0,0,0,0,0,0,0,0,0,0,0,0,0,0,0,0,0,0,0,0,0,0,0,0,0,0,0,0,0,0,0,0,0,0,0,0,0,0,0,0,0,0,0,0,0,0,0,0,0,0,0,0,0,0,0,0,0,0,0,0,0,0,0,0,0,0,0,0,0,0,0,0,0,0,0,0,0,0,0,0,0,0,0,0,0,0,0,0,0,0,0,0,0,0,0,0,0,0,0,0,0,0,0,0,0,0,0,0,0,0,0,0,1.811276,0,0,6.711739,0,0,0,0,0,0,0,0,0,0,0,0,0,0,0,0,0,0,0,0,0,0,6.941293,0,0,3.122099,0,0,0,0,0,0,0,0,0,0,0,0,0,0,0,0,0,0,0,0,0,0
EN300-22733_15_C_SP2,0,0,0,0,0,0,0,0,0,0,0,0,0,0,0,0,0,0,0,0,0,0,0,0,0,0,1.98073,0,0,1.534657,0,0,0,0,0,0,0,0,0,1.223727,1.35675,0,0,0,0,0,0,0,0,0,0,0,7.701511,0,0,2.524335,0,0,0,0,0,0,2.426822,0,0,0,0,0,0,0,0,0,0,0,0,0,0,0,3.478205,0,6.432663,0,0,0,0,0,0,0,0,0,0,7.101314,0,0,0,0,0,0,0,0,0,0,0,0,0,0,8.608522,0,0,0,0,0,0,0,0,0,0,0,0,0,0,0,0,0,0,0,0,0,0,0,11.768575,0,11.060285,0,0,0,0,0,0,0,0,0,0,0,0,0,0,0,0,0,0,0,0,0,0,0,0,0,13.062919,0,0,0,0,0,0,0,0,0,0,0,0,0,0,0,0,0,0,0,0,0,0,0,7.516147,0,0,0,0,0,0,0,0,0,0,0,0,0,0,0,0,0,0,0,0,0,0,0,0,0,0,0,0,0,0,0,0,0,0,0,0,0,0,0,0,0,0,0,0,0,0,0,0,8.255809,0,0,0,0,0,0,0,0,0,0,0,0,0,0,0,0,0,0,0,0,0,0,0,0,0,0,0,0,0,0,0,0,0,0,0,0,0,0,0,0,0,0,0,0,0,0,0,0,0,0,0,0,0,0,0,0,0,0,0,0,0,0,0,0,0,0,0,0,0,0,0,0,0,0,0,0,0,0,0,0,3.87663,0,0,1.941642,0,0,0,0,0,0,1.890332,0,0,0,0,0,0,0,0,0,0,0,0,0,0,0,5.068268,0,2.915374,0,0,0,0,0,0,0,0,0,0,0,0,0,0,0,0,0,0,0,0,0,0,0
EN300-227611_2_C_SP2,0,0,0,0,0,0,0,0,0,0,0,0,0,0,0,0,0,0,0,0,0,0,0,0,0,0,1.987861,0,0,1.529297,0,0,0,0,0,0,0,0,0,1.222634,1.349893,0,0,0,0,0,0,0,0,0,0,0,16.559918,0,0,7.575728,0,0,0,0,0,0,0,0,0,0,0,0,0,0,0,0,0,0,0,0,0,0,0,0,0,11.683266,0,0,0,0,0,0,0,0,0,0,0,0,0,0,0,0,0,0,0,0,0,0,22.973027,0,0,13.095191,0,0,0,0,0,0,0,0,4.951199,0,0,0,0,0,0,0,0,0,0,0,0,0,21.730356,0,5.579034,0,0,0,0,5.748832,0,0,0,0,0,0,0,0,0,0,0,0,0,0,0,0,0,0,0,0,6.668135,0,0,0,0,6.632139,0,0,0,0,0,0,0,0,0,0,0,0,0,0,0,0,0,0,0,0,0,0,0,0,0,0,0,0,0,0,0,0,0,0,0,0,0,0,0,0,0,0,0,0,0,0,0,0,0,0,0,0,0,0,0,0,0,0,0,0,0,0,0,0,0,0,8.072981,0,0,0,0,0,0,0,0,0,0,0,0,0,0,0,0,0,0,0,0,0,0,0,0,0,0,0,0,0,0,0,0,0,0,0,0,0,0,0,0,0,0,0,0,0,0,0,0,0,0,0,0,0,0,0,0,0,0,0,0,0,0,0,0,0,0,0,0,0,0,0,0,0,0,0,0,0,0,0,0,0,2.036659,0,0,5.778951,0,0,0,0,0,0,0,0,0,0,0,0,0,0,0,0,0,0,0,0,0,0,6.107708,0,0,9.349778,0,0,0,0,0,0,0,0,0,0,0,0,0,0,0,0,0,0,0,0,0,0
EN300-230639_2_C_SP2,0,0,0,0,0,0,0,0,0,0,0,0,0,0,0,0,0,0,0,0,0,0,0,0,0,0,1.839621,0,1.443735,0,0,0,0,0,0,0,0,0,0,1.222041,1.352382,0,0,0,0,0,0,0,0,0,0,0,2.924674,0,2.566947,0,0,0,0,0,0,0,0,0,0,0,0,0,0,0,2.749828,0,0,0,0,0,0,0,0,0,7.514712,0,0,0,0,0,0,0,0,0,0,0,0,0,0,0,0,0,0,0,0,0,0,0,0,0,0,0,0,0,0,0,0,0,0,0,0,0,0,0,0,0,0,0,0,0,0,0,0,0,5.424168,0,5.026109,5.848807,0,0,0,5.819934,0,0,0,0,5.209235,0,0,0,0,0,0,0,0,11.660821,0,0,0,0,0,0,12.461106,0,0,0,0,0,0,0,0,0,0,0,0,0,0,0,0,0,0,0,0,0,0,0,15.664293,0,15.081776,0,0,0,0,0,0,0,0,0,0,0,0,0,0,0,0,0,0,7.164233,0,0,0,0,0,0,17.295836,0,0,0,0,0,0,0,0,0,0,0,0,0,0,0,0,0,0,0,0,0,0,0,19.280942,0,0,0,0,0,0,0,0,0,0,0,0,0,0,0,0,0,0,0,0,0,0,0,0,0,0,0,0,0,0,0,0,0,0,0,0,0,0,0,0,0,0,0,0,0,0,0,0,0,0,0,0,0,0,0,0,0,0,0,0,0,0,0,0,0,0,0,0,0,0,0,0,0,0,0,0,0,1.797488,0,2.259172,0,0,0,0,0,0,0,0,0,0,0,0,0,0,0,2.076351,0,0,0,0,0,0,0,0.004472,0,6.264241,0,0,0,0,0,0,0,0,0,0,0,0,0,0,0,0,0,0,0,0,0,0,0
EN300-230647_2_C_SP2,0,0,0,0,0,0,0,0,0,0,0,0,0,0,0,0,0,0,0,0,0,0,0,0,0,0,1.843613,0,1.470052,0,0,0,0,0,0,0,0,0,0,1.212368,1.344595,0,0,0,0,0,0,0,0,0,0,0,2.694046,0,4.9963,0,0,0,0,0,0,0,0,0,0,0,0,0,0,0,0,0,0,0,0,0,0,0,3.829604,0,17.978738,0,0,0,0,0,0,0,0,0,0,0,0,0,0,0,0,0,0,0,0,0,0,0,9.354038,0,18.578276,0,0,0,0,8.843987,0,0,0,0,0,4.741843,0,0,0,0,0,0,0,0,0,0,0,0,16.853467,0,10.532573,0,0,0,0,0,0,0,0,0,0,0,0,0,0,0,0,0,0,0,0,0,0,0,0,0,6.843163,0,0,0,0,0,0,0,0,0,0,0,0,0,0,0,6.524505,0,0,0,0,0,0,0,7.532263,0,7.429184,0,0,0,0,0,0,0,0,0,0,0,0,0,0,0,0,0,0,0,0,0,0,0,8.500948,0,0,0,0,0,0,0,0,0,0,0,0,0,0,0,0,0,0,0,0,0,0,0,0,0,0,0,0,0,0,0,0,0,0,0,0,0,0,0,0,0,0,0,0,0,0,0,0,0,0,0,0,0,0,0,0,0,0,0,0,0,0,0,0,0,0,0,0,0,0,0,0,0,0,0,0,0,0,0,0,0,0,0,0,0,0,0,0,0,0,0,0,0,0,0,0,0,0,0,0,0,0,0,1.810628,0,4.217617,0,0,0,0,0,0,0,0,0,0,0,0,0,0,0,0,0,0,0,0,0,0,0,0.047544,0,6.257101,0,0,0,0,0,0,0,0,0,0,0,0,0,0,0,0,0,0,0,0,0,0,0
EN300-231814_8_C_SP2,0,0,0,0,0,0,0,0,0,0,0,0,0,0,0,0,0,0,0,0,0,0,0,0,0,0,1.968819,0,0,1.506161,0,0,0,0,0,0,0,0,0,1.222448,1.348496,0,0,0,0,0,0,0,0,0,0,0,6.771778,0,0,2.522795,0,0,0,0,0,0,0,0,0,0,0,0,0,0,0,0,0,0,0,0,0,0,3.230636,0,3.884531,0,0,0,0,3.414849,0,0,3.584532,0,0,0,0,0,0,0,0,0,0,0,0,0,0,0,4.485373,0,4.79477,0,0,0,0,0,0,0,0,0,4.645351,0,0,0,0,0,0,0,0,0,0,0,0,0,11.613645,0,16.856966,5.133555,0,0,0,0,0,0,0,0,0,5.192221,0,0,0,0,0,0,0,0,0,0,0,0,6.90323,0,6.176851,0,0,0,0,0,0,0,0,0,0,0,0,0,0,0,0,0,0,0,0,0,0,0,30.172336,0,0,14.610167,0,0,0,0,0,0,0,0,0,0,0,0,0,0,0,0,0,0,0,0,0,0,0,0,0,0,0,0,0,0,0,0,0,0,0,0,0,0,0,0,0,0,0,16.670534,0,0,0,0,0,0,0,0,0,0,0,0,0,0,0,0,0,0,0,0,0,0,0,0,0,0,0,0,0,0,0,0,0,0,0,0,0,0,0,0,0,0,0,0,0,0,0,0,0,0,0,0,0,0,0,0,0,0,0,0,0,0,0,0,0,0,0,0,0,0,0,0,0,0,0,0,0,0,0,0,0,0,5.734904,0,0,1.965676,0,0,0,0,0,0,0,0,0,0,0,0,0,0,0,0,0,0,0,0,0,0,2.131574,0,0,0,0,0,0,0,0,0,2.094349,0,0,0,0,0,0,0,0,0,0,0,0,0,0,0
EN300-231925_12_C_SP2,0,0,0,0,0,0,0,0,0,0,0,0,0,0,0,0,0,0,0,0,0,0,0,0,0,0,1.971932,0,0,1.500204,0,0,0,0,0,0,0,0,0,1.221038,1.353345,0,0,0,0,0,0,0,0,0,0,0,9.64028,0,0,2.455365,0,0,0,0,0,0,0,0,0,0,0,0,0,0,0,0,0,0,0,0,0,0,0,0,0,0,0,0,0,0,0,0,3.752813,0,0,0,0,0,0,0,0,0,0,0,0,0,0,0,0,0,9.127181,0,0,0,0,4.852178,0,0,0,0,0,4.228684,0,0,0,0,0,0,0,0,0,0,0,0,0,0,5.8671,0,0,0,0,0,0,0,0,0,0,0,0,0,0,0,0,0,0,0,0,0,0,0,26.120389,0,19.314075,0,0,0,0,0,0,0,0,0,6.168722,0,0,0,0,0,0,0,0,0,0,0,0,0,23.619798,0,0,29.787771,0,0,0,0,0,0,0,0,0,0,0,0,0,0,0,0,0,0,0,0,0,0,16.844394,0,0,0,0,0,0,0,0,0,0,0,0,0,0,0,0,0,0,0,0,25.747471,0,0,0,0,0,0,0,0,0,0,0,0,0,0,0,0,0,0,0,0,0,0,0,0,0,0,0,0,0,0,0,0,0,0,0,0,0,0,0,0,0,0,0,0,0,0,0,0,0,0,0,0,0,0,0,0,0,0,0,0,0,0,0,0,0,0,0,0,0,0,0,0,0,0,0,0,0,0,0,0,0,0,5.802853,0,0,1.89955,0,0,0,0,0,0,0,0,0,0,0,0,0,0,0,0,0,0,0,0,0,0,2.041864,0,0,0,0,0,0,0,0,0,2.946501,0,0,0,0,0,0,0,0,0,0,0,0,0,0,0
EN300-232720_10_C_SP2,0,0,0,0,0,0,0,0,0,0,0,0,0,0,0,0,0,0,0,0,0,0,0,0,0,0,1.974877,0,0,1.5128,0,0,0,0,0,0,0,0,0,1.221769,1.359487,0,0,0,0,0,0,0,0,0,0,0,4.260015,0,2.496021,0,0,0,0,0,0,0,0,0,0,0,0,0,0,0,0,0,0,0,0,0,0,0,0,0,3.365532,0,0,0,0,3.401216,0,0,0,0,0,0,0,0,0,0,0,0,0,0,0,3.889495,0,0,0,0,4.449503,0,0,0,0,0,0,0,0,0,4.399635,0,0,0,0,0,0,0,0,0,0,0,0,0,16.386548,0,0,11.455947,0,0,0,0,0,0,0,0,0,0,0,0,0,0,0,0,0,0,0,0,0,0,26.054969,0,0,6.455587,0,0,0,0,0,0,0,0,0,0,0,0,0,0,0,0,0,0,0,0,0,0,7.452351,0,0,0,0,0,0,0,0,0,0,0,0,0,0,0,0,0,0,0,0,0,0,0,0,0,0,0,0,0,0,0,0,0,0,0,0,0,0,0,0,0,0,0,0,0,0,0,0,0,0,0,0,0,0,0,0,0,0,0,0,0,0,0,0,0,0,0,0,0,0,0,0,0,0,0,0,0,0,0,0,0,0,0,0,0,0,0,0,0,0,0,0,0,0,0,0,0,0,0,0,0,0,0,0,0,0,0,0,0,0,0,0,0,0,0,0,0,0,0,0,0,0,0,0,0,0,0,0,0,5.782512,0,1.965242,0,0,0,0,0,0,0,0,0,0,0,0,0,0,0,0,0,0,0,0,0,0,0,0,0,1.369704,0,0,0,0,1.814203,0,0,0,0,0,0,0,0,0,0,0,0,0,0,0,0,0,0
EN300-238084_10_C_SP2,0,0,0,0,0,0,0,0,0,0,0,0,0,0,0,0,0,0,0,0,0,0,0,0,0,0,1.969395,0,0,1.541054,0,0,0,0,0,0,0,0,0,1.225124,1.358857,0,0,0,0,0,0,0,0,0,0,0,7.703067,0,2.547076,0,0,0,0,0,0,0,2.466912,0,0,0,0,0,0,0,0,0,0,0,0,0,0,0,0,0,10.179142,0,0,0,0,0,0,0,0,0,0,3.762289,0,0,0,0,0,0,0,0,0,0,0,0,4.021017,0,9.269601,0,0,0,0,0,0,0,0,0,0,0,4.394453,0,0,0,0,0,0,0,0,0,0,0,16.276008,0,5.15212,11.586302,0,0,0,0,0,0,0,0,0,0,0,0,0,0,0,0,0,0,0,0,0,0,39.151227,0,0,13.071898,0,0,0,0,0,0,0,0,0,0,0,0,0,0,0,0,0,0,0,6.520151,0,0,15.103246,0,0,0,0,0,0,0,0,0,0,0,0,0,0,0,0,0,0,0,0,0,0,0,0,0,0,0,0,0,0,0,0,0,0,0,0,0,0,0,0,0,0,0,0,0,0,0,0,0,0,0,0,0,0,0,0,0,0,0,0,0,0,0,0,0,0,0,0,0,0,0,0,0,0,0,0,0,0,0,0,0,0,0,0,0,0,0,0,0,0,0,0,0,0,0,0,0,0,0,0,0,0,0,0,0,0,0,0,0,0,0,0,0,0,0,0,0,0,0,0,0,0,0,0,0,0,0,0,0,3.821514,0,1.970602,0,0,0,0,0,0,0,1.940997,0,0,0,0,0,0,0,0,0,0,0,0,0,0,0,0.957764,0,5.01387,0,0,0,0,0,0,0,0,0,0,0,0,0,0,0,0,0,0,0,0,0,0,0
EN300-248851_2_C_SP2,0,0,0,0,0,0,0,0,0,0,0,0,0,0,0,0,0,0,0,0,0,0,0,0,0,0,1.85055,0,0,1.508228,0,0,0,0,0,0,0,0,0,1.219627,1.350541,0,0,0,0,0,0,0,0,0,0,0,4.253818,0,2.531851,0,0,0,0,0,0,0,0,0,0,0,0,0,0,0,0,0,0,0,0,0,0,0,6.868455,0,6.740695,0,0,0,0,0,0,0,0,0,0,0,0,0,0,0,0,0,0,0,0,0,0,0,0,0,9.214239,0,0,0,0,0,0,0,0,0,0,0,0,0,0,0,0,0,0,0,0,0,0,0,10.794779,0,5.123802,0,0,0,0,0,0,0,0,0,0,0,0,0,0,0,0,0,0,0,0,0,0,0,0,0,0,0,0,0,0,0,0,0,0,0,0,0,0,0,0,0,0,6.880291,0,0,0,0,0,0,14.914675,0,0,7.638059,0,0,0,0,0,0,0,0,0,7.438908,0,0,0,0,0,0,0,0,0,0,0,0,0,0,0,0,0,0,0,0,0,0,0,0,0,0,0,0,0,0,0,0,0,0,0,0,0,0,9.677992,0,0,9.072333,0,0,0,0,0,0,0,0,0,0,0,0,0,0,0,0,0,19.023379,0,0,0,0,0,0,0,0,0,0,0,0,0,0,0,0,0,0,0,0,0,0,0,0,0,0,0,0,0,0,0,0,0,0,0,0,0,0,0,0,0,0,0,0,0,0,0,0,0,0,0,0,0,0,0,0,5.598804,0,1.988692,0,0,0,0,0,0,0,0,0,0,0,0,0,0,0,0,0,0,0,0,0,0,0,0,0,3.123135,0,0,0,0,0,0,0,0,0,0,0,0,0,0,0,0,0,0,0,0,0,0,0
EN300-25923_13_C_SP2,0,0,0,0,0,0,0,0,0,0,0,0,0,0,0,0,0,0,0,0,0,0,0,0,0,0,1.840435,0,1.478916,0,0,0,0,0,0,0,0,0,0,1.217793,1.340596,0,0,0,0,0,0,0,0,0,0,0,5.618327,0,5.007218,0,0,0,0,0,0,0,0,0,0,0,0,0,0,0,0,0,0,0,0,0,0,0,0,0,7.377444,3.128944,0,0,0,3.802405,0,0,0,0,0,0,3.053366,0,0,0,0,0,0,0,0,0,0,0,22.604219,0,4.219897,4.230711,0,0,0,0,0,0,0,0,0,4.849982,0,0,0,0,0,0,0,0,0,0,0,0,16.770819,0,0,5.063704,0,0,0,0,0,0,0,0,0,0,0,0,0,0,0,0,0,0,0,0,0,0,0,0,0,0,0,0,0,0,0,0,0,0,0,0,0,0,0,0,0,0,0,0,0,0,0,0,0,0,0,0,0,0,0,0,0,0,0,0,0,0,0,0,0,0,0,0,0,0,0,0,0,0,0,0,0,0,0,0,0,0,0,0,0,0,0,0,0,0,0,0,0,0,0,0,0,0,0,0,0,0,0,0,0,0,0,0,0,0,0,0,0,0,0,0,0,0,0,0,0,0,0,0,0,0,0,0,0,0,0,0,0,0,0,0,0,0,0,0,0,0,0,0,0,0,0,0,0,0,0,0,0,0,0,0,0,0,0,0,0,0,0,0,0,0,0,0,0,0,0,0,0,0,0,0,0,0,1.811134,0,4.21868,0,0,0,0,0,0,0,0,0,0,0,0,0,0,0,0,0,0,0,0,0,0,0,0.004472,0,3.141593,0.030985,0,0,0,3.137121,0,0,0,0,0,0,0,0,0,0,0,0,0,0,0,0,0,0
EN300-264740_6_C_SP2,0,0,0,0,0,0,0,0,0,0,0,0,0,0,0,0,0,0,0,0,0,0,0,0,0,0,1.853199,0,0,1.499961,0,0,0,0,0,0,0,0,0,1.220195,1.34773,0,0,0,0,0,0,0,0,0,0,0,9.696652,0,0,2.494116,0,0,0,0,0,0,0,0,0,0,0,0,0,0,0,0,0,0,0,0,0,0,0,0,3.837191,0,0,0,0,0,0,0,0,0,0,0,0,0,0,0,0,0,0,0,0,0,0,0,13.433696,0,9.320207,4.779375,0,0,0,0,0,0,0,0,0,0,0,0,0,0,0,0,0,0,0,0,0,0,5.78563,0,5.901478,0,0,0,0,0,0,0,0,0,0,0,0,0,0,0,0,0,0,0,0,0,0,0,13.451945,0,12.497479,0,0,0,0,0,0,0,0,0,0,0,0,0,0,0,0,0,0,0,0,0,0,0,0,0,0,0,0,0,0,0,0,0,0,0,0,0,0,0,0,0,0,0,0,7.796335,0,0,0,0,0,0,0,0,0,0,0,0,0,0,0,0,0,0,0,0,0,0,0,0,0,0,0,0,0,0,0,0,0,0,0,0,0,0,0,0,0,0,0,0,0,0,0,0,0,0,0,0,0,0,0,0,0,0,0,0,0,0,0,0,0,0,0,0,0,0,0,0,0,0,0,0,0,0,0,0,0,0,0,0,0,0,0,0,0,0,0,0,0,0,0,0,0,0,0,0,0,0,0,0,0,0,0,0,5.598977,0,0,1.93654,0,0,0,0,0,0,0,0,0,0,0,0,0,0,0,0,0,0,0,0,0,0,2.012695,0,3.124859,0,0,0,0,0,0,0,0,0,0,0,0,0,0,0,0,0,0,0,0,0,0,0
EN300-26621749_2_C_SP2,0,0,0,0,0,0,0,0,0,0,0,0,0,0,0,0,0,0,0,0,0,0,0,0,0,0,1.967562,0,1.450751,0,0,0,0,0,0,0,0,0,0,1.220831,1.354746,0,0,0,0,0,0,0,0,0,0,0,2.977921,0,5.130621,0,0,0,0,0,0,0,0,0,0,0,0,0,0,0,0,0,0,0,0,0,0,0,3.082756,0,0,0,0,0,0,3.726018,0,0,3.6378,0,3.144642,0,0,0,0,0,0,0,0,0,0,0,0,0,0,0,9.450969,0,0,0,0,0,0,0,0,0,0,0,0,0,0,0,0,0,0,0,0,0,0,0,5.488975,0,16.605561,0,0,0,0,0,0,0,0,0,0,5.951019,0,0,0,0,0,0,0,0,0,0,0,0,12.814774,0,6.421877,0,0,0,0,0,0,0,0,0,0,0,0,0,0,0,0,0,0,0,0,0,0,0,7.610668,0,22.582763,0,0,0,0,0,0,0,0,0,0,0,0,0,0,0,0,0,0,0,0,0,0,0,8.390609,0,0,0,0,0,0,0,0,0,0,0,0,0,0,0,0,0,0,0,0,0,0,0,0,0,38.421095,0,0,19.055794,0,0,0,0,0,0,0,0,0,0,0,0,0,0,0,0,0,0,0,0,0,0,10.143701,0,0,10.131371,0,0,0,0,0,0,0,0,0,0,0,0,0,0,0,0,0,0,0,0,0,0,35.004122,0,0,34.707778,0,0,0,0,0,0,0,0,0,0,0,0,0,0,0,0,0,0,0,0,0,0,1.999489,0,4.488237,0,0,0,0,0,0,0,0,0,0,0,0,0,0,0,0,0,0,0,0,0,0,0,0.03899,0,0,0,0,0,0,3.109342,0,0,3.112956,0,0.035215,0,0,0,0,0,0,0,0,0,0,0,0,0
EN300-267020_2_C_SP2,0,0,0,0,0,0,0,0,0,0,0,0,0,0,0,0,0,0,0,0,0,0,0,0,0,0,1.861589,0,0,1.497466,0,0,0,0,0,0,0,0,0,1.216658,1.349149,0,0,0,0,0,0,0,0,0,0,0,7.469271,0,0,4.972781,0,0,0,0,0,0,0,0,0,0,0,0,0,0,0,0,0,5.707806,0,0,0,0,10.608771,0,0,6.60432,0,0,0,0,0,0,0,0,0,0,0,0,0,0,0,0,0,3.640844,0,0,0,0,0,0,0,0,0,0,0,0,0,0,0,0,0,0,9.19624,0,0,0,0,0,0,0,0,0,0,0,11.381049,0,0,11.099702,0,0,0,0,0,0,0,0,0,0,0,0,0,0,0,0,0,0,0,0,0,0,13.029815,0,0,0,0,0,0,0,0,0,0,0,0,0,0,0,0,0,0,0,0,0,0,0,0,0,0,0,0,0,0,0,0,0,0,0,0,0,0,0,0,0,0,0,0,0,0,0,0,0,0,0,0,0,0,0,0,0,0,0,0,0,0,0,0,0,0,0,0,0,0,0,0,0,0,0,0,0,0,0,0,0,0,0,0,0,0,0,0,0,0,0,0,0,0,0,0,0,0,0,0,0,0,0,0,0,0,0,0,0,0,0,0,0,0,0,0,0,0,0,0,0,0,0,0,0,0,0,0,0,0,0,0,0,0,0,0,0,0,0,0,0,0,0,0,0,0,0,0,0,0,0,0,0,0,0,3.673876,0,0,3.870853,0,0,0,0,0,0,0,0,0,0,0,0,0,0,0,0,0,0,0,0,0,0,3.641982,0,0,1.357984,0,0,0,0,0,0,0,0,0,0,0,0,0,0,0,0,0,5.260527,0,0,0,0
EN300-267151_3_C_SP2,0,0,0,0,0,0,0,0,0,0,0,0,0,0,0,0,0,0,0,0,0,0,0,0,0,0,1.979666,0,0,1.503102,0,0,0,0,0,0,0,0,0,1.22019,1.348085,0,0,0,0,0,0,0,0,0,0,0,6.87087,0,0,2.501265,0,0,0,0,0,0,0,0,0,0,0,0,0,0,0,0,0,2.859458,0,0,0,0,0,0,0,3.151295,0,0,0,0,0,0,0,0,3.754639,0,0,0,0,0,0,0,0,3.745162,0,0,0,0,9.317872,0,9.254573,0,0,0,0,0,0,0,0,0,0,0,0,0,0,0,0,0,0,4.343337,0,0,0,0,0,0,5.752249,0,0,0,0,5.723081,0,0,0,0,0,0,0,0,0,0,0,0,0,0,0,0,0,0,6.727741,0,0,0,0,0,0,0,0,0,0,0,0,0,0,0,0,0,0,0,0,0,0,0,0,0,0,0,0,0,0,0,0,0,0,0,0,0,0,0,0,0,0,0,0,0,0,0,0,0,0,0,0,0,0,0,0,0,0,0,0,0,0,0,0,0,0,0,0,0,0,0,0,0,0,0,0,0,0,0,0,0,0,0,0,0,0,0,0,0,0,0,0,0,0,0,0,0,0,0,0,0,0,0,0,0,0,0,0,0,0,0,0,0,0,0,0,0,0,0,0,0,0,0,0,0,0,0,0,0,0,0,0,0,0,0,0,0,0,0,0,0,0,0,0,0,0,0,0,0,0,0,0,0,0,0,5.800642,0,0,1.933392,0,0,0,0,0,0,0,0,0,0,0,0,0,0,0,0,0,0,0,0,0,0,0.76483,0,0,1.322678,0,0,0,0,0,0,0,0,2.788912,0,0,0,0,0,0,0,0,0,0,0,0,0
EN300-27081753_13_C_SP2,0,0,0,0,0,0,0,0,0,0,0,0,0,0,0,0,0,0,0,0,0,0,0,0,0,0,1.892686,0,0,1.549024,0,0,0,0,0,0,0,0,0,1.219776,1.363611,0,0,0,0,0,0,0,0,0,0,0,7.531727,0,0,2.553052,0,0,0,0,2.4611,0,0,0,0,0,0,0,0,0,0,0,0,0,0,0,0,0,18.622696,0,7.033903,6.853522,0,0,0,0,0,0,0,0,0,0,0,0,0,0,0,0,0,0,0,0,0,0,13.285829,0,9.163542,0,0,0,0,0,0,0,0,0,0,0,0,0,0,0,0,0,0,0,0,0,0,0,5.494559,0,10.909913,0,0,0,0,0,0,0,0,0,0,0,0,0,0,0,0,0,0,0,0,0,0,0,6.168031,0,0,6.958515,0,0,0,0,0,0,0,0,0,0,0,0,0,0,0,0,0,0,0,0,0,0,22.154415,0,0,0,0,0,0,0,0,0,0,0,0,0,0,0,0,0,0,0,0,0,0,0,0,0,0,0,0,0,0,0,0,0,0,0,0,0,0,0,0,0,0,0,0,0,0,0,0,0,0,0,0,0,0,0,0,0,0,0,0,0,0,0,0,0,0,0,0,0,0,0,0,0,0,0,0,0,0,0,0,0,0,0,0,0,0,0,0,0,0,0,0,0,0,0,0,0,0,0,0,0,0,0,0,0,0,0,0,0,0,0,0,0,0,0,0,0,0,0,0,0,0,0,0,0,0,0,0,0,3.661507,0,0,1.942077,0,0,0,0,1.870411,0,0,0,0,0,0,0,0,0,0,0,0,0,0,0,0,0,3.369913,0,1.498904,4.128779,0,0,0,0,0,0,0,0,0,0,0,0,0,0,0,0,0,0,0,0,0,0
EN300-27127274_14_C_SP2,0,0,0,0,0,0,0,0,0,0,0,0,0,0,0,0,0,0,0,0,0,0,0,0,0,0,1.855322,0,0,1.557466,0,0,0,0,0,0,0,0,0,1.221505,1.353006,0,0,0,0,0,0,0,0,0,0,0,4.933274,0,0,0,0,0,0,0,0,0,2.500409,0,0,0,5.435449,0,0,0,0,0,0,0,0,0,0,0,6.979329,0,3.195116,10.021082,0,0,0,0,0,0,0,0,0,0,0,0,0,0,0,0,0,0,0,0,0,0,25.657408,0,0,13.089,0,0,0,0,0,0,0,0,0,4.354879,0,0,0,0,0,0,0,0,0,0,0,0,27.089726,0,0,5.358156,0,0,0,0,0,0,0,0,0,0,0,0,0,0,0,0,0,0,0,0,0,0,6.237722,0,0,0,0,0,0,0,0,0,0,0,0,0,0,0,0,0,0,0,0,0,0,0,0,0,0,0,0,0,0,0,0,0,0,0,0,0,0,0,0,0,0,0,0,0,0,0,0,0,0,0,0,0,0,0,0,0,0,0,0,0,0,0,0,0,0,0,0,0,0,0,0,0,0,0,0,0,0,0,0,0,0,0,0,0,0,0,0,0,0,0,0,0,0,0,0,0,0,0,0,0,0,0,0,0,0,0,0,0,0,0,0,0,0,0,0,0,0,0,0,0,0,0,0,0,0,0,0,0,0,0,0,0,0,0,0,0,0,0,0,0,0,0,0,0,0,0,0,0,0,0,0,0,0,0,3.679844,0,0,0,0,0,0,0,0,0,1.958889,0,0,0,1.988629,0,0,0,0,0,0,0,0,0,0,0,0,0,1.324638,3.086404,0,0,0,0,0,0,0,0,0,0,0,0,0,0,0,0,0,0,0,0,0,0
EN300-2963197_4_C_SP2,0,0,0,0,0,0,0,0,0,0,0,0,0,0,0,0,0,0,0,0,0,0,0,0,0,0,1.888681,0,0,1.530225,0,0,0,0,0,0,0,0,0,1.220373,1.359476,0,0,0,0,0,0,0,0,0,0,0,7.03535,0,0,0,0,0,0,0,2.469743,0,0,0,0,0,0,0,0,0,0,0,0,0,0,0,0,0,7.67442,0,0,6.855896,0,0,0,0,0,0,0,0,0,0,0,0,0,0,0,0,0,0,0,0,0,0,17.228338,0,0,9.144603,0,0,0,0,0,0,0,0,0,0,0,0,0,0,0,0,0,0,0,0,0,0,5.431089,0,0,5.676735,0,0,0,0,0,0,0,0,0,0,0,0,0,0,0,0,0,0,0,0,0,0,25.941294,0,0,6.071658,0,0,0,0,0,0,0,0,0,0,0,0,0,0,0,0,0,0,0,0,0,0,0,0,0,0,0,0,0,0,0,0,0,0,0,0,0,0,0,0,0,0,0,0,0,0,0,0,0,0,0,0,0,0,0,0,0,0,0,0,0,0,0,0,0,0,0,0,0,0,0,0,0,0,0,0,0,0,0,0,0,0,0,0,0,0,0,0,0,0,0,0,0,0,0,0,0,0,0,0,0,0,0,0,0,0,0,0,0,0,0,0,0,0,0,0,0,0,0,0,0,0,0,0,0,0,0,0,0,0,0,0,0,0,0,0,0,0,0,0,0,0,0,0,0,0,0,0,0,0,0,0,5.602388,0,0,0,0,0,0,0,1.907005,0,0,0,0,0,0,0,0,0,0,0,0,0,0,0,0,0,0,0,0,4.153543,0,0,0,0,0,0,0,0,0,0,0,0,0,0,0,0,0,0,0,0,0,0
EN300-302806_19_C_SP2,0,0,0,0,0,0,0,0,0,0,0,0,0,0,0,0,0,0,0,0,0,0,0,0,0,0,1.854332,0,0,1.515043,0,0,0,0,0,0,0,0,0,1.221107,1.347939,0,0,0,0,0,0,0,0,0,0,0,4.239871,0,0,0,0,0,0,0,0,0,0,0,0,2.427713,0,0,0,0,0,0,0,0,0,0,0,0,0,0,3.642772,0,0,0,0,0,0,0,0,0,0,0,0,0,0,0,0,0,0,0,0,0,0,0,13.014151,0,8.928862,4.765776,0,0,0,0,0,0,0,0,0,0,0,0,0,0,0,0,0,0,0,0,0,0,5.823699,0,11.531174,0,0,0,0,0,0,0,0,0,0,0,0,0,0,0,0,0,0,0,0,0,0,0,6.281778,0,6.343752,0,0,0,0,0,0,0,0,0,0,0,6.985209,0,0,0,0,0,0,0,0,0,0,0,0,0,7.796291,0,0,0,0,0,0,0,0,0,0,0,0,0,0,0,0,0,0,0,0,0,0,0,16.821151,0,16.865069,8.554929,0,0,0,0,0,0,0,0,0,0,0,0,0,0,0,0,0,0,0,0,0,0,0,0,0,0,0,0,0,0,0,0,0,0,0,9.239682,0,0,0,0,0,0,0,0,0,0,0,0,52.64585,0,0,30.774872,0,0,0,0,0,0,0,0,0,0,0,0,0,0,0,0,0,0,0,0,0,0,11.717817,0,0,0,0,0,0,0,0,0,0,0,0,0,0,0,0,0,0,0,0,0,0,0,0,0,5.575632,0,0,0,0,0,0,0,0,0,0,0,0,1.938706,0,0,0,0,0,0,0,0,0,0,0,0,0,0,2.973287,0,0,0,0,0,0,0,0,0,0,0,0,0,0,0,0,0,0,0,0,0,0,0
EN300-304355_2_C_SP2,0,0,0,0,0,0,0,0,0,0,0,0,0,0,0,0,0,0,0,0,0,0,0,0,0,0,1.854536,0,1.490864,0,0,0,0,0,0,0,0,0,0,1.217413,1.352341,0,0,0,0,0,0,0,0,0,0,0,0,0,2.512301,0,0,0,0,2.444421,0,0,0,0,0,2.940845,0,0,0,0,0,0,0,0,0,0,0,0,3.868083,0,3.669154,0,0,0,0,3.774347,0,0,0,0,0,0,0,0,0,0,0,0,0,0,0,0,0,0,4.502697,0,4.212632,0,0,0,0,0,0,0,0,0,0,0,0,0,0,0,0,0,0,0,0,0,0,0,0,0,5.687579,0,0,0,0,0,0,0,0,0,0,0,0,0,0,0,0,0,0,0,0,0,0,0,12.575523,0,13.062667,0,0,0,0,0,0,0,0,0,0,0,0,0,0,0,0,0,0,0,0,0,0,0,0,0,15.820569,0,0,0,0,0,0,0,0,0,0,0,0,0,0,0,0,0,0,0,0,0,0,0,17.261724,0,8.51664,0,0,0,0,0,0,0,0,0,0,0,0,0,0,0,0,0,0,0,0,0,0,0,9.603449,0,0,0,0,0,0,0,0,0,0,0,0,0,0,0,0,0,0,0,0,0,0,0,0,0,0,0,0,0,0,0,0,0,0,0,0,0,0,0,0,0,0,0,0,0,0,0,0,0,0,0,0,0,0,0,0,0,0,0,0,0,0,0,0,0,0,0,0,0,0,0,0,0,0,0,0,0,1.820161,0,2.120151,0,0,0,0,2.054469,0,0,0,0,0,0,0,0,0,0,0,0,0,0,0,0,0,0,0,0,3.141593,0,0,0,0,3.141593,0,0,0,0,0,0.007746,0,0,0,0,0,0,0,0,0,0,0,0
EN300-316857_2_C_SP2,0,0,0,0,0,0,0,0,0,0,0,0,0,0,0,0,0,0,0,0,0,0,0,0,0,0,1.850408,0,0,1.51847,0,0,0,0,0,0,0,0,0,1.217113,1.351228,0,0,0,0,0,0,0,0,0,0,0,7.648576,0,0,2.508563,0,0,0,0,0,0,0,0,0,0,2.417903,0,0,0,0,0,0,0,0,0,0,0,3.982629,0,0,3.705779,0,0,0,0,0,0,3.805781,0,0,0,0,0,0,0,0,0,0,0,0,0,0,0,8.935108,0,4.9467,4.259488,0,0,0,0,0,0,0,0,0,0,0,0,0,0,0,0,0,0,0,0,0,0,5.283972,0,0,0,0,0,0,0,0,0,0,0,0,5.211161,0,0,0,0,0,0,0,0,0,0,0,0,0,0,0,0,0,0,0,0,0,0,0,0,0,0,6.046857,0,0,0,0,0,0,0,0,0,0,0,22.292962,0,0,7.350134,0,0,0,0,0,0,0,0,0,0,0,0,0,0,0,0,0,0,0,0,0,0,8.03165,0,17.044271,8.33494,0,0,0,0,0,0,0,0,0,0,0,0,0,0,0,0,0,0,0,0,0,0,18.746065,0,18.955486,0,0,0,0,0,0,0,0,0,0,0,0,0,0,0,0,0,0,0,0,0,0,0,0,0,41.7411,0,0,0,0,0,0,0,0,0,0,0,0,0,0,0,0,0,0,0,0,0,0,0,11.362317,0,22.666766,0,0,0,0,0,0,0,0,0,0,0,0,0,0,0,0,0,0,0,0,0,0,0,3.703392,0,0,1.926155,0,0,0,0,0,0,0,0,0,0,1.909475,0,0,0,0,0,0,0,0,0,0,0,2.07454,0,0,3.089818,0,0,0,0,0,0,3.029731,0,0,0,0,0,0,0,0,0,0,0,0,0,0,0
EN300-3414681_18_C_SP2,0,0,0,0,0,0,0,0,0,0,0,0,0,0,0,0,0,0,0,0,0,0,0,0,0,0,1.918743,0,0,1.533494,0,0,0,0,0,0,0,0,0,1.223096,1.354906,0,0,0,0,0,0,0,0,0,0,0,4.870751,0,0,2.505254,0,0,0,0,0,0,2.516321,0,0,0,0,0,0,0,0,0,0,0,0,0,0,0,13.831363,0,13.635362,0,0,0,0,0,0,0,0,0,0,0,3.08839,0,0,0,0,0,0,0,0,0,0,0,13.408034,0,9.357044,8.67679,0,0,0,0,0,0,0,0,0,4.510468,0,0,0,0,0,0,0,0,0,0,0,0,27.200845,0,5.124089,10.63383,0,0,0,0,0,0,0,0,0,0,0,0,0,0,0,0,0,0,0,0,0,0,18.39192,0,0,0,0,0,0,0,0,0,0,0,0,0,0,0,0,0,0,0,0,0,0,6.497664,0,0,0,0,0,0,0,0,0,0,0,0,0,0,0,0,0,0,0,0,0,0,0,0,0,0,0,0,0,0,0,0,0,0,0,0,0,0,0,0,0,0,0,0,0,0,0,0,0,0,0,0,0,0,0,0,0,0,0,0,0,0,0,0,0,0,0,0,0,0,0,0,0,0,0,0,0,0,0,0,0,0,0,0,0,0,0,0,0,0,0,0,0,0,0,0,0,0,0,0,0,0,0,0,0,0,0,0,0,0,0,0,0,0,0,0,0,0,0,0,0,0,0,0,0,0,0,0,0,0,0,0,3.762892,0,0,1.909819,0,0,0,0,0,0,1.977315,0,0,0,0,0,0,0,0,0,0,0,0,0,0,0,6.454138,0,2.519185,0,0,0,0,0,0,0,0,0,0,0,0,0,0,0,0,0,0,0,0,0,0,0
EN300-3451857_2_C_SP2,0,0,0,0,0,0,0,0,0,0,0,0,0,0,0,0,0,0,0,0,0,0,0,0,0,0,1.965261,0,0,1.506796,0,0,0,0,0,0,0,0,0,1.222729,1.349306,0,0,0,0,0,0,0,0,0,0,0,9.763071,0,0,2.525521,0,0,0,0,0,0,0,0,0,0,0,0,0,0,0,0,0,0,0,0,0,0,3.430118,0,3.844534,3.07873,0,0,0,0,0,0,0,0,0,0,0,0,0,0,0,0,0,0,0,0,0,0,4.647204,0,0,4.475421,0,0,0,0,0,0,4.958214,0,0,4.241518,0,0,0,0,0,0,0,0,0,0,0,0,10.959389,0,5.309759,0,0,0,0,0,0,0,0,0,0,0,0,0,0,0,0,0,0,0,0,0,0,0,0,0,0,0,0,0,0,0,0,0,0,0,0,6.520868,0,0,0,0,0,0,0,0,0,0,0,0,0,0,0,0,0,0,0,0,0,0,0,0,0,0,0,0,0,0,0,0,0,0,0,0,0,0,0,0,0,0,0,0,0,0,0,0,0,0,0,0,0,0,0,0,0,0,0,0,0,0,0,0,0,0,0,0,0,0,0,0,0,0,0,0,0,0,0,0,0,0,0,0,0,0,0,0,0,0,0,0,0,0,0,0,0,0,0,0,0,0,0,0,0,0,0,0,0,0,0,0,0,0,0,0,0,0,0,0,0,0,0,0,0,0,0,0,0,0,0,0,0,0,0,0,0,0,0,0,0,0,5.76869,0,0,1.958234,0,0,0,0,0,0,0,0,0,0,0,0,0,0,0,0,0,0,0,0,0,0,1.011099,0,3.040952,1.111743,0,0,0,0,0,0,0,0,0,0,0,0,0,0,0,0,0,0,0,0,0,0
EN300-36969789_15_C_SP2,0,0,0,0,0,0,0,0,0,0,0,0,0,0,0,0,0,0,0,0,0,0,0,0,0,0,1.846876,0,0,1.482445,0,0,0,0,0,0,0,0,0,1.218358,1.344757,0,0,0,0,0,0,0,0,0,0,0,8.198661,0,0,7.755326,0,0,0,0,0,0,0,0,0,0,0,0,0,0,0,0,0,0,0,0,0,0,10.346874,0,0,7.264749,0,0,0,0,0,0,0,0,0,0,0,0,0,0,0,0,0,0,0,0,0,0,13.889685,0,0,0,0,0,0,0,0,0,4.7231,0,0,0,0,0,0,0,0,0,0,0,0,0,0,0,0,0,5.959516,0,0,0,0,0,0,0,0,0,0,0,0,0,0,0,0,0,0,0,0,0,0,0,0,0,0,0,0,0,0,0,0,0,0,0,0,6.951498,6.155035,0,0,0,0,0,0,0,0,0,0,0,22.160592,0,0,15.16208,0,0,0,0,0,0,0,0,0,0,0,0,0,0,0,0,0,0,0,0,0,0,34.197271,0,0,16.666671,0,0,0,0,0,0,0,0,0,0,0,0,0,0,0,0,0,0,0,0,0,0,18.602068,0,0,0,0,0,0,0,0,0,0,0,0,0,0,0,0,0,0,0,0,0,0,0,0,0,0,0,0,0,0,0,0,0,0,0,0,0,0,0,0,0,0,0,0,0,0,0,0,0,0,0,0,0,0,0,0,0,0,0,0,0,0,0,0,0,0,0,0,0,0,0,0,0,0,0,0,0,1.81713,0,0,6.235118,0,0,0,0,0,0,0,0,0,0,0,0,0,0,0,0,0,0,0,0,0,0,4.811092,0,0,8.279337,0,0,0,0,0,0,0,0,0,0,0,0,0,0,0,0,0,0,0,0,0,0
EN300-37152216_16_C_SP2,0,0,0,0,0,0,0,0,0,0,0,0,0,0,0,0,0,0,0,0,0,0,0,0,0,0,0,0,1.508437,0,0,0,0,0,0,0,0,0,0,0,0,2.546627,0,0,0,0,0,0,0,0,0,0,2.996199,0,0,0,0,0,0,2.525567,0,0,0,0,2.567159,0,0,0,0,0,0,0,0,0,0,0,0,0,3.130896,0,7.328714,3.082716,0,0,0,0,0,0,0,0,0,0,0,0,0,0,0,0,0,0,0,0,0,0,8.744215,0,0,0,0,0,0,0,0,0,0,0,0,0,0,0,0,0,0,0,0,0,0,0,0,0,10.730392,0,0,5.070806,0,0,0,0,0,0,0,0,0,0,0,0,0,0,0,0,0,0,0,0,0,0,0,0,0,0,0,0,0,0,0,0,0,0,0,6.019586,0,0,0,0,0,0,0,0,0,0,0,0,7.499626,0,15.227755,0,0,0,0,0,0,0,0,0,0,0,0,0,0,0,0,0,0,0,0,0,0,0,8.060004,0,8.247042,0,0,0,0,0,0,0,0,0,0,0,0,0,0,0,0,0,0,0,0,0,0,0,9.902062,0,18.887896,0,0,0,0,0,0,0,0,0,0,0,0,0,0,0,0,0,0,0,0,0,0,0,10.353578,0,10.055712,0,0,0,0,0,0,0,0,0,0,0,0,0,0,0,0,0,0,0,0,0,0,0,11.129435,0,0,0,0,0,0,0,0,0,0,0,0,0,0,0,0,0,0,0,0,0,0,0,0,0,0,0,0,0,0,0,0,2.191745,0,0,0,0,2.181297,0,0,0,0,0,0,0,0,0,0,0,0,0,0,0,6.216896,0.054044,0,0,0,0,0,0,0,0,0,0,0,0,0,0,0,0,0,0,0,0,0,0
EN300-37364462_19_C_SP2,0,0,0,0,0,0,0,0,0,0,0,0,0,0,0,0,0,0,0,0,0,0,0,0,0,0,1.90597,0,0,1.525068,0,0,0,0,0,0,0,0,0,1.222809,1.357094,0,0,0,0,0,0,0,0,0,0,0,4.630386,0,0,2.505195,0,0,0,0,0,0,0,0,0,0,2.399094,0,0,0,0,0,0,0,0,0,0,0,3.138442,0,0,3.74419,0,0,0,0,0,0,3.647821,0,0,0,0,0,0,0,0,0,0,0,0,0,0,0,22.728851,0,4.339615,13.398901,0,0,0,0,0,0,0,0,0,4.386679,0,0,0,0,0,0,0,0,0,0,0,0,11.22158,0,0,5.896482,0,0,0,0,0,0,0,0,0,0,5.379443,0,0,0,0,0,0,0,0,0,0,0,39.229805,0,0,26.221977,0,0,0,0,0,0,0,0,0,0,6.452941,0,0,0,0,0,0,0,0,0,0,0,38.369238,0,0,7.711451,0,0,0,0,0,0,0,0,0,0,0,0,0,0,0,0,0,0,0,0,0,0,8.623705,0,0,0,0,0,0,0,0,0,0,0,0,0,0,0,0,0,0,0,0,0,0,0,0,0,0,0,0,0,0,0,0,0,0,0,0,0,0,0,0,0,0,0,0,0,0,0,0,0,0,0,0,0,0,0,0,0,0,0,0,0,0,0,0,0,0,0,0,0,0,0,0,0,0,0,0,0,0,0,0,0,0,0,0,0,0,0,0,0,0,0,0,0,0,0,0,0,0,0,0,0,0,0,3.748076,0,0,1.915514,0,0,0,0,0,0,0,0,0,0,1.875842,0,0,0,0,0,0,0,0,0,0,0,2.048276,0,0,3.141593,0,0,0,0,0,0,2.354715,0,0,0,0,0,0,0,0,0,0,0,0,0,0,0
EN300-374139_11_C_SP2,0,0,0,0,0,0,0,0,0,0,0,0,0,0,0,0,0,0,0,0,0,0,0,0,0,0,1.849953,0,0,1.506707,0,0,0,0,0,0,0,0,0,1.219584,1.351501,0,0,0,0,0,0,0,0,0,0,0,4.250936,0,2.487144,0,0,0,0,0,0,0,0,0,0,0,0,0,0,0,0,0,0,0,0,0,0,0,3.546991,0,3.329726,0,0,0,0,3.372174,0,0,0,0,0,0,0,0,0,0,0,0,0,0,0,0,0,0,8.39641,0,4.421377,0,0,0,0,0,0,0,0,0,0,0,0,0,0,0,4.753,0,0,0,0,0,0,0,21.84661,0,0,16.16172,0,0,0,0,5.756604,0,0,0,0,0,0,0,0,0,5.903963,0,0,0,0,0,0,0,26.295956,0,0,6.050392,0,0,0,0,0,0,0,0,0,0,0,0,0,0,0,0,0,0,0,0,0,0,0,0,0,0,0,0,0,0,0,0,0,0,0,0,0,0,0,0,0,0,0,0,0,0,0,0,0,0,0,0,0,0,0,0,0,0,0,0,0,0,0,0,0,0,0,0,0,0,0,0,0,0,0,0,0,0,0,0,0,0,0,0,0,0,0,0,0,0,0,0,0,0,0,0,0,0,0,0,0,0,0,0,0,0,0,0,0,0,0,0,0,0,0,0,0,0,0,0,0,0,0,0,0,0,0,0,0,0,0,0,0,0,0,0,0,0,0,0,0,0,0,0,0,0,0,0,0,0,0,0,5.599132,0,1.955699,0,0,0,0,0,0,0,0,0,0,0,0,0,0,0,0,0,0,0,0,0,0,0,0,0,1.427011,0,0,0,0,1.728985,0,0,0,0,0,0,0,0,0,0,0,0,0,0,0,0,0,0
EN300-386220_12_C_SP2,0,0,0,0,0,0,0,0,0,0,0,0,0,0,0,0,0,0,0,0,0,0,0,0,0,0,1.970482,0,1.501756,0,0,0,0,0,0,0,0,0,0,1.225241,1.343805,0,0,0,0,0,0,0,0,0,0,0,2.606299,0,5.060053,0,0,0,0,0,0,0,0,0,0,0,0,0,0,0,0,0,0,0,0,0,0,0,0,0,7.631124,0,0,0,0,0,0,0,0,0,0,0,0,0,0,0,3.334751,0,0,0,0,0,0,0,9.10899,0,4.324824,4.554155,0,0,0,0,0,0,0,0,4.934685,4.997902,0,0,0,0,0,0,0,0,0,0,0,0,15.903162,0,0,0,0,0,0,0,0,0,0,0,0,0,0,0,0,0,0,0,0,0,0,0,0,0,0,0,0,0,0,0,0,0,0,0,0,0,0,6.036139,0,0,0,0,0,0,0,0,0,0,0,0,0,0,0,0,0,0,0,0,0,0,0,0,0,0,0,0,0,0,0,0,0,0,0,0,0,0,0,0,0,0,0,0,0,0,0,0,0,0,0,0,0,0,0,0,0,0,0,0,0,0,0,0,0,0,0,0,0,0,0,0,0,0,0,0,0,0,0,0,0,0,0,0,0,0,0,0,0,0,0,0,0,0,0,0,0,0,0,0,0,0,0,0,0,0,0,0,0,0,0,0,0,0,0,0,0,0,0,0,0,0,0,0,0,0,0,0,0,0,0,0,0,0,0,0,0,0,0,0,0,0,2.009468,0,4.209961,0,0,0,0,0,0,0,0,0,0,0,0,0,0,0,0,0,0,0,0,0,0,0,0.022804,0,6.209019,0,0,0,0,0,0,0,0,0,0,0,0,0,0,0,0,0,0,0,0,0,0,0
EN300-39139_15_C_SP2,0,0,0,0,0,0,0,0,0,0,0,0,0,0,0,0,0,0,0,0,0,0,0,0,0,0,1.855512,0,0,1.523925,0,0,0,0,0,0,0,0,0,1.223302,1.347336,0,0,0,0,0,0,0,0,0,0,0,4.633336,0,0,2.50826,0,0,0,0,0,0,2.502372,0,0,0,0,0,0,0,0,0,0,0,0,0,0,0,6.437938,0,3.528473,6.72082,0,0,0,0,0,0,0,0,0,0,3.645711,0,0,0,0,0,0,0,0,0,0,0,9.244714,0,0,9.554561,0,0,0,0,0,0,0,0,0,4.612239,0,0,0,0,0,0,0,0,0,0,0,0,37.48851,0,0,22.21617,0,0,0,0,0,0,0,0,0,0,0,0,0,0,0,0,0,0,0,0,0,0,32.532504,0,0,0,0,0,0,0,0,0,0,0,0,0,0,0,0,0,0,0,0,0,0,0,0,0,0,0,0,0,0,0,0,0,0,0,0,0,0,0,0,0,0,0,0,0,0,0,0,0,0,0,0,0,0,0,0,0,0,0,0,0,0,0,0,0,0,0,0,0,0,0,0,0,0,0,0,0,0,0,0,0,0,0,0,0,0,0,0,0,0,0,0,0,0,0,0,0,0,0,0,0,0,0,0,0,0,0,0,0,0,0,0,0,0,0,0,0,0,0,0,0,0,0,0,0,0,0,0,0,0,0,0,0,0,0,0,0,0,0,0,0,0,0,0,0,0,0,0,0,0,0,0,0,0,0,3.682894,0,0,1.921792,0,0,0,0,0,0,1.980876,0,0,0,0,0,0,0,0,0,0,0,0,0,0,0,2.277514,0,1.909962,3.639278,0,0,0,0,0,0,0,0,0,0,0,0,0,0,0,0,0,0,0,0,0,0
EN300-39773_15_C_SP2,0,0,0,0,0,0,0,0,0,0,0,0,0,0,0,0,0,0,0,0,0,0,0,0,0,0,1.854592,0,0,1.520749,0,0,0,0,0,0,0,0,0,1.221956,1.348522,0,0,0,0,0,0,0,0,0,0,0,7.65294,0,0,2.508033,0,0,0,0,0,0,0,0,0,0,0,0,0,0,2.735891,0,0,0,0,0,0,0,3.466631,0,0,0,0,0,0,0,0,0,0,0,0,0,0,0,0,0,0,0,0,0,0,0,0,0,8.754087,0,0,4.161282,0,0,0,0,0,0,0,0,0,0,0,0,0,0,0,0,0,0,0,0,0,0,0,0,5.418938,0,0,0,0,0,0,0,0,0,0,5.641807,0,0,0,0,0,0,0,0,0,0,0,0,6.54578,0,0,0,0,0,0,0,0,0,6.547382,0,0,0,0,0,0,0,0,0,0,0,0,0,0,0,7.862717,0,7.874212,0,0,0,0,0,0,0,0,0,0,0,0,0,0,0,0,0,0,0,0,0,0,0,8.808265,0,17.289077,0,0,0,0,0,0,0,0,0,0,0,0,0,0,0,0,0,0,0,0,0,0,0,0,0,9.77338,0,0,0,0,0,0,0,0,0,0,0,0,0,0,0,0,0,0,0,0,0,0,0,10.291001,0,20.838184,0,0,0,0,0,0,0,0,0,0,0,0,0,0,0,0,0,0,0,0,0,0,0,11.682317,0,0,0,0,0,0,0,0,0,0,0,0,0,0,0,0,0,0,0,0,0,0,11.682891,0,0,3.686995,0,0,1.934873,0,0,0,0,0,0,0,0,0,0,0,0,0,0,1.901009,0,0,0,0,0,0,0,5.064481,0,0,2.875174,0,0,0,0,0,0,0,0,0,0,0,0,0,0,0,0,0,0,0,0,0,0
EN300-44090_14_C_SP2,0,0,0,0,0,0,0,0,0,0,0,0,0,0,0,0,0,0,0,0,0,0,0,0,0,0,1.976938,0,0,1.539136,0,0,0,0,0,0,0,0,0,1.224217,1.358097,0,0,0,0,0,0,0,0,0,0,0,7.764656,0,0,2.515744,0,0,0,0,0,0,0,0,0,2.492658,0,0,0,0,0,0,0,0,0,0,0,0,6.733177,0,10.366803,0,0,0,0,0,0,0,0,0,0,0,0,0,0,0,0,0,0,0,0,0,0,0,8.87581,0,9.456808,0,0,0,0,0,0,0,0,0,0,0,0,0,0,0,0,0,0,0,0,0,0,0,16.374243,0,5.162459,16.753643,0,0,0,0,0,0,0,0,0,0,0,0,0,0,0,0,0,0,0,0,0,0,32.568236,0,0,6.889714,0,0,0,0,0,0,0,0,0,0,0,0,0,0,0,0,0,0,0,0,0,0,14.992658,0,0,0,0,0,0,0,0,0,0,0,0,0,0,0,0,0,0,0,0,0,0,0,0,0,0,0,0,0,0,0,0,0,0,0,0,0,0,0,0,0,0,0,0,0,0,0,0,0,0,0,0,0,0,0,0,0,0,0,0,0,0,0,0,0,0,0,0,0,0,0,0,0,0,0,0,0,0,0,0,0,0,0,0,0,0,0,0,0,0,0,0,0,0,0,0,0,0,0,0,0,0,0,0,0,0,0,0,0,0,0,0,0,0,0,0,0,0,0,0,0,0,0,0,0,0,0,0,0,3.881925,0,0,1.921342,0,0,0,0,0,0,0,0,0,1.992993,0,0,0,0,0,0,0,0,0,0,0,0,4.89019,0,1.217513,0,0,0,0,0,0,0,0,0,0,0,0,0,0,0,0,0,0,0,0,0,0,0
EN300-49976_14_C_SP2,0,0,0,0,0,0,0,0,0,0,0,0,0,0,0,0,0,0,0,0,0,0,0,0,0,0,1.847654,0,1.484236,0,0,0,0,0,0,0,0,0,0,1.216166,1.343629,0,0,0,0,0,0,0,0,0,0,0,5.456231,0,5.005519,0,0,0,0,0,0,0,0,0,0,0,0,0,0,0,0,0,0,0,0,0,0,0,0,0,7.547232,0,0,0,0,0,0,0,0,0,0,0,0,0,0,0,0,0,0,0,0,0,0,0,4.65622,0,4.266268,0,0,0,0,0,0,0,0,0,0,0,0,0,0,0,0,0,0,0,0,0,0,0,0,0,5.733733,0,0,0,0,0,0,0,0,0,0,11.439597,0,0,0,0,0,5.310932,0,0,0,0,0,0,0,0,0,0,0,0,0,0,0,0,6.219006,0,0,6.581105,0,0,0,0,0,0,0,0,0,0,0,0,7.991215,0,0,7.668215,0,0,0,0,0,0,0,0,0,0,0,0,0,0,0,0,0,0,0,0,0,0,24.937394,0,0,8.276733,0,0,0,0,0,0,0,0,0,0,8.199117,0,0,0,0,0,0,0,0,0,0,0,18.50027,0,0,9.012766,0,0,0,0,0,0,0,0,0,0,0,0,0,0,0,0,0,0,0,0,0,0,10.020752,0,0,0,0,0,0,0,0,0,0,0,0,0,0,0,0,0,0,0,0,0,0,0,0,0,0,0,0,0,0,0,0,0,0,0,0,0,0,0,0,0,0,0,0,0,0,0,0,0,0,0,1.818168,0,4.183663,0,0,0,0,0,0,0,0,0,0,0,0,0,0,0,0,0,0,0,0,0,0,0,0,0,6.283185,0,0,0,0,0,0,0,0,0,0,0,0,0,0,0,0,0,0,0,0,0,0,0
EN300-53096_2_C_SP2,0,0,0,0,0,0,0,0,0,0,0,0,0,0,0,0,0,0,0,0,0,0,0,0,0,0,1.860996,0,1.483422,0,0,0,0,0,0,0,0,0,0,1.214816,1.347205,0,0,0,0,0,0,0,0,0,0,0,5.404789,0,4.9976,0,0,0,0,0,0,0,0,0,0,0,0,0,0,0,0,0,0,0,0,0,0,0,0,0,10.541545,0,0,0,0,0,0,0,0,0,0,0,0,0,0,0,0,0,0,0,0,0,0,0,0,0,14.306968,0,0,0,0,4.257015,0,0,0,0,0,0,0,0,0,0,0,0,0,0,0,0,0,0,23.127936,0,33.350783,0,0,0,0,0,0,0,0,0,0,0,0,0,0,0,0,0,0,0,0,5.641522,0,0,25.87295,0,12.291639,0,0,0,0,0,0,0,0,0,0,0,0,0,0,0,0,0,0,0,0,0,0,0,0,0,0,0,0,0,0,0,0,0,0,0,0,0,0,0,0,0,0,0,0,0,7.249955,0,0,0,0,0,0,0,0,0,0,0,0,0,0,0,0,0,0,0,0,0,0,0,0,0,0,0,0,0,0,0,0,0,0,0,0,0,0,0,0,0,0,0,0,0,0,0,0,0,0,0,0,0,0,0,0,0,0,0,0,0,0,0,0,0,0,0,0,0,0,0,0,0,0,0,0,0,0,0,0,0,0,0,0,0,0,0,0,0,0,0,0,0,0,0,0,0,0,0,0,0,0,0,0,0,0,0,1.833154,0,4.178362,0,0,0,0,0,0,0,0,0,0,0,0,0,0,0,0,0,0,0,0,0,0,0,0.057279,0,6.232928,0,0,0,0,0,0,0,0,0,0,0,0,0,0,0,0,0,0,0,0,0,0,0
EN300-53286_2_C_SP2,0,0,0,0,0,0,0,0,0,0,0,0,0,0,0,0,0,0,0,0,0,0,0,0,0,0,1.990828,0,0,1.511154,0,0,0,0,0,0,0,0,0,1.220279,1.360502,0,0,0,0,0,0,0,0,0,0,0,4.283551,0,0,0,0,0,0,0,0,0,0,0,2.476817,0,0,0,0,0,0,0,0,0,0,0,0,0,7.000742,0,10.497788,0,0,0,0,0,0,0,0,0,0,0,0,0,0,0,0,0,0,0,0,0,0,0,0,0,8.905027,0,0,0,0,0,0,0,0,0,0,0,0,0,0,0,0,0,0,0,0,0,0,0,5.414962,0,16.547302,0,0,0,0,0,0,0,0,0,0,0,0,0,0,0,0,0,0,0,0,0,0,0,13.415542,0,0,0,0,0,0,0,0,0,0,0,0,0,0,0,0,0,0,0,0,0,6.120665,0,0,0,0,0,0,0,0,0,0,0,0,0,0,0,0,0,0,0,0,0,0,0,0,0,0,0,0,0,0,0,0,0,0,0,0,0,0,0,0,0,0,0,0,0,0,0,0,0,0,0,0,0,0,0,0,0,0,0,0,0,0,0,0,0,0,0,0,0,0,0,0,0,0,0,0,0,0,0,0,0,0,0,0,0,0,0,0,0,0,0,0,0,0,0,0,0,0,0,0,0,0,0,0,0,0,0,0,0,0,0,0,0,0,0,0,0,0,0,0,0,0,0,0,0,0,0,0,0,0,0,0,0,5.845246,0,0,0,0,0,0,0,0,0,0,0,1.975219,0,0,0,0,0,0,0,0,0,0,0,0,0,0,0,3.202782,0,0,0,0,0,0,0,0,0,0,0,0,0,0,0,0,0,0,0,0,0,0,0
EN300-53587_2_C_SP2,0,0,0,0,0,0,0,0,0,0,0,0,0,0,0,0,0,0,0,0,0,0,0,0,0,0,1.848753,0,0,1.508295,0,0,0,0,0,0,0,0,0,1.21853,1.350586,0,0,0,0,0,0,0,0,0,0,0,4.251416,0,2.523083,0,0,0,0,0,0,0,0,0,0,0,0,0,0,0,0,0,0,0,0,0,0,0,6.906648,0,6.732081,0,0,0,0,0,0,0,0,0,0,0,0,0,0,0,0,0,0,0,0,0,0,0,0,0,4.637401,0,0,0,0,4.524427,0,0,0,0,0,0,0,0,0,0,0,0,0,0,0,0,0,0,5.482823,0,5.034543,0,0,0,0,0,0,0,0,0,0,0,0,0,0,0,0,0,0,0,0,0,0,0,6.081819,0,0,0,0,0,0,0,0,0,0,0,0,0,0,0,0,0,0,0,0,0,0,0,0,0,0,0,0,0,0,0,0,0,0,0,0,0,0,0,0,0,0,0,0,0,0,0,0,0,0,0,0,0,0,0,0,0,0,0,0,0,0,0,0,0,0,0,0,0,0,0,0,0,0,0,0,0,0,0,0,0,0,0,0,0,0,0,0,0,0,0,0,0,0,0,0,0,0,0,0,0,0,0,0,0,0,0,0,0,0,0,0,0,0,0,0,0,0,0,0,0,0,0,0,0,0,0,0,0,0,0,0,0,0,0,0,0,0,0,0,0,0,0,0,0,0,0,0,0,0,0,0,0,0,0,5.593434,0,1.985634,0,0,0,0,0,0,0,0,0,0,0,0,0,0,0,0,0,0,0,0,0,0,0,0,0,3.118975,0,0,0,0,0,0,0,0,0,0,0,0,0,0,0,0,0,0,0,0,0,0,0
EN300-5507970_12_C_SP2,0,0,0,0,0,0,0,0,0,0,0,0,0,0,0,0,0,0,0,0,0,0,0,0,0,0,1.964805,0,1.472254,0,0,0,0,0,0,0,0,0,0,1.213836,1.351893,0,0,0,0,0,0,0,0,0,0,0,2.642759,0,4.957456,0,0,0,0,0,0,0,0,0,0,2.798828,0,0,0,0,0,0,0,0,0,0,0,0,0,0,7.513087,0,0,0,0,0,0,0,0,0,0,0,0,0,0,0,0,0,0,0,0,0,0,0,18.14207,0,4.26712,4.042824,0,0,0,0,0,0,0,0,0,0,0,0,0,0,0,0,0,0,0,0,0,0,0,0,0,0,0,0,0,0,0,0,0,0,0,5.634197,0,0,0,0,0,0,0,0,5.131088,0,0,0,12.975734,0,0,6.472541,0,0,0,0,0,0,0,0,0,0,0,0,0,0,0,0,0,0,0,0,0,0,7.459008,0,0,0,0,0,0,0,0,0,0,0,0,0,0,0,0,0,0,0,0,0,0,0,0,0,0,0,0,0,0,0,0,0,0,0,0,0,0,0,0,0,0,0,0,0,0,0,0,0,0,0,0,0,0,0,0,0,0,0,0,0,0,0,0,0,0,0,0,0,0,0,0,0,0,0,0,0,0,0,0,0,0,0,0,0,0,0,0,0,0,0,0,0,0,0,0,0,0,0,0,0,0,0,0,0,0,0,0,0,0,0,0,0,0,0,0,0,0,0,0,0,0,0,0,0,0,0,0,0,1.991848,0,4.169545,0,0,0,0,0,0,0,0,0,0,0,0,0,0,0,0,0,0,0,0,0,0,0,0.030333,0,6.239366,0,0,0,0,0,0,0,0,0,0,0.056221,0,0,0,0,0,0,0,0,0,0,0,0
EN300-62278_2_C_SP2,0,0,0,0,0,0,0,0,0,0,0,0,0,0,0,0,0,0,0,0,0,0,0,0,0,0,1.951493,0,1.450853,0,0,0,0,0,0,0,0,0,0,1.22417,1.356059,0,0,0,0,0,0,0,0,0,0,0,2.755024,0,2.549451,0,0,0,0,0,0,0,0,0,0,0,0,0,0,0,2.762437,0,0,0,0,0,0,0,3.248551,0,11.567362,0,0,0,0,0,0,0,0,0,3.360115,3.238248,0,0,0,0,0,3.273659,0,0,0,0,0,0,9.64611,0,4.05372,0,0,0,0,0,0,0,0,0,0,4.618274,0,0,0,0,0,0,0,0,0,0,0,0,11.240361,0,10.431428,0,0,0,0,0,0,0,0,0,0,0,0,0,0,0,0,0,0,0,0,0,0,0,0,0,12.394513,0,0,0,0,0,0,0,0,0,0,0,0,0,0,0,0,0,0,0,0,0,0,0,7.244946,0,0,0,0,0,0,0,0,0,0,0,0,0,0,0,0,0,0,0,0,7.318231,0,0,0,0,0,0,0,0,0,0,0,0,0,0,0,0,0,0,0,0,0,0,0,0,0,0,0,0,0,0,0,0,0,0,0,0,0,0,0,0,0,0,0,0,0,0,0,0,0,0,0,0,0,0,0,0,0,0,0,0,0,0,0,0,0,0,0,0,0,0,0,0,0,0,0,0,0,0,0,0,0,0,0,0,0,0,0,0,0,0,0,0,0,0,0,0,0,0,0,0,0,0,0,0,0,0,0,0,1.962839,0,2.235394,0,0,0,0,0,0,0,0,0,0,0,0,0,0,0,2.112392,0,0,0,0,0,0,0,0,0,6.190739,0,0,0,0,0,0,0,0,0,0,0,0,0,0,0,0,0.089808,0,0,0,0,0,0
EN300-629709_2_C_SP2,0,0,0,0,0,0,0,0,0,0,0,0,0,0,0,0,0,0,0,0,0,0,0,0,0,0,1.853051,0,1.468946,0,0,0,0,0,0,0,0,0,0,1.217718,1.342379,0,0,0,0,0,0,0,0,0,0,0,2.646091,0,4.976557,0,0,0,0,0,0,0,0,0,0,2.904682,0,0,0,0,0,0,0,0,0,0,0,0,3.869515,0,3.818785,0,0,0,0,3.718019,0,0,0,0,0,0,0,0,0,0,0,0,0,0,0,0,0,0,0,0,4.229871,0,0,0,0,0,0,0,0,0,0,0,0,0,0,0,0,0,0,0,0,0,0,0,0,0,10.653935,0,0,0,0,0,0,0,0,0,0,0,0,0,0,0,0,0,0,5.295472,0,0,0,0,6.193573,0,12.742251,0,0,0,0,0,0,0,0,0,0,0,0,0,0,0,0,0,0,0,0,0,0,0,7.184223,0,0,0,0,0,0,0,0,0,0,0,0,0,0,0,0,0,0,0,0,7.788237,0,0,0,0,0,0,0,0,0,0,0,0,0,0,0,0,0,0,0,0,0,0,0,0,0,0,0,0,0,0,0,0,0,0,0,0,0,0,0,0,0,0,0,0,0,0,0,0,0,0,0,0,0,0,0,0,0,0,0,0,0,0,0,0,0,0,0,0,0,0,0,0,0,0,0,0,0,0,0,0,0,0,0,0,0,0,0,0,0,0,0,0,0,0,0,0,0,0,0,0,0,0,0,0,0,0,0,0,1.829957,0,4.231531,0,0,0,0,0,0,0,0,0,0,0,0,0,0,0,0,0,0,0,0,0,0,0,0.006325,0,3.12745,0,0,0,0,3.12676,0,0,0,0,0,0.047333,0,0,0,0,0,0,0,0,0,0,0,0
EN300-6472911_17_C_SP2,0,0,0,0,0,0,0,0,0,0,0,0,0,0,0,0,0,0,0,0,0,0,0,0,0,0,1.953652,0,1.445517,0,0,0,0,0,0,0,0,0,0,1.218526,1.357271,0,0,0,0,0,0,0,0,0,0,0,5.775227,0,5.099094,0,0,0,0,0,0,0,0,0,0,0,0,0,0,0,0,0,0,0,0,0,0,0,6.741972,0,0,10.364947,0,0,0,3.649955,0,0,0,0,3.645179,0,0,0,0,0,0,0,0,0,0,0,0,0,17.445394,0,0,0,0,0,0,0,0,0,0,0,0,0,0,0,0,0,0,0,0,0,0,0,0,0,5.829221,0,16.711623,0,0,0,0,0,0,0,0,0,0,0,0,0,0,0,0,0,0,0,5.512767,0,0,0,0,0,0,0,0,0,0,0,0,0,0,0,0,0,0,0,0,0,0,0,0,0,0,0,0,0,7.802651,0,22.162038,0,0,0,0,0,0,0,0,0,0,0,0,0,0,0,0,0,0,0,0,0,0,0,8.059569,0,0,0,0,0,0,0,0,0,0,0,0,0,0,0,0,0,0,0,0,0,0,0,0,0,0,0,0,0,0,0,0,0,0,0,0,0,0,0,0,0,0,0,0,0,0,0,9.471657,0,0,0,0,0,0,0,0,0,0,0,0,0,0,0,0,0,0,0,0,0,0,0,0,0,0,0,0,0,0,0,0,0,0,0,0,0,0,0,0,0,0,0,0,0,0,0,0,0,0,0,0,0,0,0,1.967037,0,4.446207,0,0,0,0,0,0,0,0,0,0,0,0,0,0,0,0,0,0,0,0,0,0,0,0.022804,0,0,0.218055,0,0,0,3.101341,0,0,0,0,3.123153,0,0,0,0,0,0,0,0,0,0,0,0,0
EN300-6498224_15_C_SP2,0,0,0,0,0,0,0,0,0,0,0,0,0,0,0,0,0,0,0,0,0,0,0,0,0,0,1.91082,0,0,1.513278,0,0,0,0,0,0,0,0,0,1.219328,1.356326,0,0,0,0,0,0,0,0,0,0,0,8.620057,0,0,5.132889,0,0,0,0,0,0,0,0,0,0,2.468299,0,0,0,0,0,0,0,0,0,0,0,3.023284,0,0,7.310932,0,0,0,0,0,0,3.686508,0,0,0,0,0,0,0,0,0,0,0,0,0,0,0,13.271389,0,4.949095,0,0,0,0,0,0,0,0,0,0,0,0,0,0,0,0,0,0,0,0,0,0,0,0,0,0,0,0,0,0,0,0,0,0,0,0,5.430988,5.864894,0,0,0,0,0,0,0,0,0,0,0,0,0,0,0,0,0,0,0,0,0,0,0,0,0,0,0,0,0,0,0,0,0,0,0,0,0,38.111717,0,0,22.806438,0,0,0,0,0,0,0,0,0,0,0,0,0,0,0,0,0,0,0,0,0,0,25.850995,0,0,8.115135,0,0,0,0,0,0,0,0,0,0,0,0,0,0,0,0,0,0,0,0,0,0,9.159971,0,0,0,0,0,0,0,0,0,0,0,0,0,0,0,0,0,0,0,0,0,0,0,0,0,0,0,0,0,0,0,0,0,0,0,0,0,0,0,0,0,0,0,0,0,0,0,0,0,0,0,0,0,0,0,0,0,0,0,0,0,0,0,0,0,0,0,0,0,0,0,0,0,0,0,0,0,1.88769,0,0,4.011251,0,0,0,0,0,0,0,0,0,0,1.952074,0,0,0,0,0,0,0,0,0,0,0,4.424808,0,0,5.936475,0,0,0,0,0,0,2.847446,0,0,0,0,0,0,0,0,0,0,0,0,0,0,0
EN300-650195_26_C_SP2,0,0,0,0,0,0,0,0,0,0,0,0,0,0,0,0,0,0,0,0,0,0,0,0,0,0,1.825477,0,0,1.530415,0,0,0,0,0,0,0,0,0,1.222273,1.346562,0,0,0,0,0,0,0,0,0,0,0,13.439419,0,0,7.497165,0,0,0,0,0,0,0,0,0,0,0,0,0,0,0,0,0,0,0,0,0,0,9.80188,0,0,7.796479,0,0,0,0,0,0,3.105008,0,0,0,0,0,0,0,0,0,0,0,0,0,0,0,32.239732,0,18.588399,8.68686,0,0,0,0,0,0,0,0,0,4.783513,4.758002,0,0,0,0,0,0,0,0,0,0,0,22.408628,0,27.091076,5.185463,0,0,0,0,0,0,0,0,0,0,0,0,0,0,0,0,0,0,0,0,0,0,19.940436,0,13.137088,0,0,0,0,0,0,0,0,0,0,0,0,0,0,0,0,0,0,0,0,0,0,0,0,0,14.66954,0,0,0,0,0,0,0,0,0,0,0,0,0,0,0,0,0,0,0,0,0,0,0,16.301278,0,0,0,0,0,0,0,0,0,0,0,0,0,0,0,0,0,0,0,0,0,0,0,0,0,0,0,0,0,0,0,0,0,0,0,0,0,0,0,0,0,0,0,0,0,0,0,0,0,0,0,0,0,0,0,0,0,0,0,0,0,0,0,0,0,0,0,0,0,0,0,0,0,0,0,0,0,0,0,0,0,0,0,0,0,0,0,0,0,0,0,0,0,0,0,0,0,0,0,0,0,0,0,1.780444,0,0,5.675551,0,0,0,0,0,0,0,0,0,0,0,0,0,0,0,0,0,0,0,0,0,0,8.087261,0,0,5.908788,0,0,0,0,0,0,1.091201,0,0,0,0,0,0,0,0,0,0,0,0,0,0,0
EN300-650838_23_C_SP2,0,0,0,0,0,0,0,0,0,0,0,0,0,0,0,0,0,0,0,0,0,0,0,0,0,0,1.946102,0,0,1.532774,0,0,0,0,0,0,0,0,0,1.221699,1.35999,0,0,0,0,0,0,0,0,0,0,0,13.247162,0,0,5.063032,0,0,0,0,0,0,0,0,0,0,0,0,0,0,0,0,0,0,0,0,0,0,7.122366,0,0,3.212078,0,0,0,0,0,0,3.877482,0,0,0,0,0,0,0,0,0,0,0,0,0,0,0,8.844809,0,4.499443,0,0,0,0,0,0,0,0,0,0,4.230958,0,0,0,0,0,0,0,0,0,0,0,0,0,0,0,0,0,0,0,0,0,0,0,0,0,0,5.834259,0,0,0,0,0,0,0,0,0,0,0,13.058091,0,0,6.627073,0,0,0,0,0,0,0,0,0,0,0,0,0,0,0,0,0,0,0,0,0,0,0,0,0,0,0,0,0,0,0,0,0,0,0,0,0,0,0,0,0,0,0,0,0,0,0,0,24.677143,0,17.899349,8.056304,0,0,0,0,0,0,0,0,0,0,0,0,0,0,0,0,0,0,0,0,0,0,0,0,18.145151,0,0,0,0,0,0,0,0,0,0,0,0,0,0,0,0,0,0,0,0,0,0,0,20.993883,0,40.894211,0,0,0,0,0,0,0,0,0,0,0,0,0,0,0,0,0,0,0,0,0,0,0,0,0,45.221701,0,0,0,0,0,0,0,0,0,0,0,0,0,0,0,0,0,0,0,0,0,0,0,3.799556,0,0,3.868266,0,0,0,0,0,0,0,0,0,0,0,0,0,0,0,0,0,0,0,0,0,0,6.015861,0,0,1.233666,0,0,0,0,0,0,2.896027,0,0,0,0,0,0,0,0,0,0,0,0,0,0,0
EN300-6509366_11_C_SP2,0,0,0,0,0,0,0,0,0,0,0,0,0,0,0,0,0,0,0,0,0,0,0,0,0,0,1.971119,0,1.482944,0,0,0,0,0,0,0,0,0,0,1.218355,1.349565,0,0,0,0,0,0,0,0,0,0,0,5.411946,0,4.992086,0,0,0,0,0,0,0,0,0,0,0,0,0,0,0,0,0,0,0,0,0,0,0,0,0,7.571204,0,0,0,0,0,0,0,0,0,0,0,0,0,0,0,0,0,0,0,0,0,0,0,0,0,4.273194,4.989076,0,0,0,0,0,0,0,0,0,0,0,0,0,0,0,0,0,0,0,0,0,0,27.128579,0,0,5.050585,0,0,0,0,0,0,0,0,0,0,0,0,0,0,0,0,0,5.13705,0,0,0,0,0,0,0,0,0,0,0,0,0,0,0,0,0,0,0,0,0,0,0,0,0,6.078808,0,0,0,0,0,0,0,0,0,0,0,0,0,0,0,0,0,0,0,0,0,0,0,0,0,0,0,0,0,0,0,0,0,0,0,0,0,0,0,0,0,0,0,0,0,0,0,0,0,0,0,0,0,0,0,0,0,0,0,0,0,0,0,0,0,0,0,0,0,0,0,0,0,0,0,0,0,0,0,0,0,0,0,0,0,0,0,0,0,0,0,0,0,0,0,0,0,0,0,0,0,0,0,0,0,0,0,0,0,0,0,0,0,0,0,0,0,0,0,0,0,0,0,0,0,0,0,0,0,0,0,0,0,0,2.008619,0,4.186257,0,0,0,0,0,0,0,0,0,0,0,0,0,0,0,0,0,0,0,0,0,0,0,0.038263,0,6.25491,0,0,0,0,0,0,0,0,0,0,0,0,0,0,0,0,0,0,0,0,0,0,0
EN300-658865_8_C_SP2,0,0,0,0,0,0,0,0,0,0,0,0,0,0,0,0,0,0,0,0,0,0,0,0,0,0,1.821956,0,1.465432,0,0,0,0,0,0,0,0,0,0,1.22501,1.359357,0,0,0,0,0,0,0,0,0,0,0,2.975683,0,2.592336,0,0,0,0,2.461481,0,0,0,0,0,0,0,0,0,0,0,0,0,0,0,0,0,0,0,0,3.666016,0,0,0,0,0,0,0,0,0,3.53386,0,0,0,0,0,0,0,0,0,0,0,0,0,4.436335,0,0,0,0,0,0,0,0,0,0,0,0,0,0,0,0,0,0,0,0,0,0,0,0,0,11.006737,0,0,5.103195,0,0,0,0,0,0,0,0,0,0,5.89303,0,0,0,0,0,0,0,0,0,0,0,6.795081,0,0,0,0,0,0,0,0,0,0,0,0,0,0,0,0,0,0,0,0,0,0,0,0,0,0,0,0,0,0,0,0,0,0,0,0,0,0,0,0,0,0,0,0,0,0,0,0,0,0,0,0,0,0,0,0,0,0,0,0,0,0,0,0,0,0,0,0,0,0,0,0,0,0,0,0,0,0,0,0,0,0,0,0,0,0,0,0,0,0,0,0,0,0,0,0,0,0,0,0,0,0,0,0,0,0,0,0,0,0,0,0,0,0,0,0,0,0,0,0,0,0,0,0,0,0,0,0,0,0,0,0,0,0,0,0,0,0,0,0,0,0,0,0,0,0,0,0,0,0,0,0,0,0,0,1.764379,0,2.222952,0,0,0,0,2.132086,0,0,0,0,0,0,0,0,0,0,0,0,0,0,0,0,0,0,0.008944,0,3.137121,0,0,0,0,0,0,0,0,0,3.12976,0,0,0,0,0,0,0,0,0,0,0,0,0
EN300-6733491_24_C_SP2,0,0,0,0,0,0,0,0,0,0,0,0,0,0,0,0,0,0,0,0,0,0,0,0,0,0,1.862593,0,0,1.520362,0,0,0,0,0,0,0,0,0,1.219001,1.346556,0,0,0,0,0,0,0,0,0,0,0,4.658869,0,0,5.408863,0,0,0,0,0,0,2.467763,0,0,0,0,0,0,0,0,0,0,0,0,0,0,0,13.972349,0,3.354016,7.048184,0,0,0,0,0,0,0,0,0,3.549926,0,0,0,0,0,0,0,0,0,0,0,0,8.390724,0,0,4.662816,0,0,0,0,0,0,0,0,0,0,0,0,0,0,4.055236,0,0,0,0,0,0,0,11.098389,0,0,0,0,0,0,0,0,0,5.774828,0,0,0,0,0,0,0,0,0,0,0,0,0,0,0,6.263629,0,13.238168,0,0,0,0,0,0,0,0,0,0,6.274567,0,0,0,0,0,0,0,0,0,0,0,0,7.063489,0,15.281629,7.652149,0,0,0,0,0,0,0,0,0,0,0,0,0,0,0,0,0,0,0,0,0,0,8.389904,0,17.58384,0,0,0,0,0,0,0,8.368257,0,0,8.268017,0,0,0,0,0,0,0,0,0,0,0,0,37.82143,0,18.765647,9.976592,0,0,0,0,0,0,9.733881,0,0,0,0,0,0,0,0,0,0,0,0,0,0,0,31.721726,0,10.939034,10.794596,0,0,0,0,0,0,0,0,0,0,0,0,0,0,0,0,0,0,0,0,0,0,11.16953,0,0,0,0,0,0,0,0,0,0,0,0,11.187199,0,0,0,0,0,0,0,0,0,0,0,0,3.716488,0,0,1.945969,0,0,0,0,0,0,1.939322,0,0,0,0,0,0,0,0,0,0,0,0,0,0,0,0,0,1.705191,4.715352,0,0,0,0,0,0,0,0,0,0,0,0,0,0,2.779196,0,0,0,0,0,0,0
EN300-6737833_2_C_SP2,0,0,0,0,0,0,0,0,0,0,0,0,0,0,0,0,0,0,0,0,0,0,0,0,0,0,1.865499,0,0,1.537465,0,0,0,0,0,0,0,0,0,1.223597,1.348197,0,0,0,0,0,0,0,0,0,0,0,4.688997,0,0,2.531214,0,0,0,0,0,0,2.519902,0,0,0,0,0,0,0,0,0,0,0,0,0,0,0,14.280263,0,3.271242,7.220216,0,0,0,0,0,0,0,0,0,0,3.187888,0,0,0,0,0,0,0,0,0,0,0,18.450811,0,4.698006,18.451602,0,0,0,0,0,0,0,0,0,4.371897,0,0,0,0,0,0,0,0,0,0,0,0,21.158786,0,16.870848,5.836837,0,0,0,0,0,0,0,0,0,0,0,0,0,0,0,0,0,0,0,0,0,0,31.971497,0,19.857568,6.157142,0,0,0,0,0,0,0,0,0,0,0,0,0,0,0,6.949065,0,0,0,0,0,0,7.990703,0,22.336639,0,0,0,0,0,0,0,0,0,0,15.503629,0,0,0,0,0,0,0,0,0,0,0,0,25.92152,0,16.834566,0,0,0,0,0,0,0,0,0,0,0,0,0,0,0,0,0,0,0,0,0,0,0,9.714179,0,0,0,0,0,0,0,0,0,0,0,0,0,0,0,0,0,0,0,0,0,0,0,0,0,0,0,0,0,0,0,0,0,0,0,0,0,0,0,0,0,0,0,0,0,0,0,0,0,0,0,0,0,0,0,0,0,0,0,0,0,0,0,0,0,0,0,0,0,0,0,0,0,0,0,0,0,3.72427,0,0,1.931733,0,0,0,0,0,0,1.994788,0,0,0,0,0,0,0,0,0,0,0,0,0,0,0,2.072893,0,1.298462,4.441519,0,0,0,0,0,0,0,0,0,0,0,0,0,0,0,0,0,0,0,0,0,0
EN300-6996497_15_C_SP2,0,0,0,0,0,0,0,0,0,0,0,0,0,0,0,0,0,0,0,0,0,0,0,0,0,0,1.84872,0,0,1.527759,0,0,0,0,0,0,0,0,0,1.219373,1.348743,0,0,0,0,0,0,0,0,0,0,0,13.716979,0,0,7.483445,0,0,0,0,0,0,2.877057,0,0,0,0,0,0,0,0,0,0,0,0,0,0,0,10.121612,0,3.8118,3.907131,0,0,0,0,0,0,0,0,0,0,0,0,0,0,0,0,0,0,0,0,0,0,8.498981,0,0,0,0,0,0,0,0,0,0,0,0,4.281118,4.63194,0,0,0,0,0,0,0,0,0,0,0,27.894824,0,0,10.964701,0,0,0,0,0,0,0,0,0,0,0,0,0,0,0,0,0,0,0,0,0,0,26.996945,0,0,19.668201,0,0,0,0,0,0,0,0,0,0,0,0,0,0,0,0,0,0,0,0,0,0,22.751801,0,0,0,0,0,0,0,0,0,0,0,0,0,0,0,0,0,0,0,0,0,0,0,0,0,0,0,0,0,0,0,0,0,0,0,0,0,0,0,0,0,0,0,0,0,0,0,0,0,0,0,0,0,0,0,0,0,0,0,0,0,0,0,0,0,0,0,0,0,0,0,0,0,0,0,0,0,0,0,0,0,0,0,0,0,0,0,0,0,0,0,0,0,0,0,0,0,0,0,0,0,0,0,0,0,0,0,0,0,0,0,0,0,0,0,0,0,0,0,0,0,0,0,0,0,0,0,0,0,1.814338,0,0,5.668747,0,0,0,0,0,0,0,0,0,0,0,0,0,0,0,0,0,0,0,0,0,0,11.179539,0,0,3.135268,0,0,0,0,0,0,0.970096,0,0,0,0,0,0,0,0,0,0,0,0,0,0,0
EN300-7431389_2_C_SP2,0,0,0,0,0,0,0,0,0,0,0,0,0,0,0,0,0,0,0,0,0,0,0,0,0,0,1.983651,0,1.484927,0,0,0,0,0,0,0,0,0,0,1.221159,1.348139,0,0,0,0,0,0,0,0,0,0,0,2.666877,0,5.008079,0,0,0,0,0,0,0,0,0,0,0,0,0,0,0,0,0,0,2.882,0,0,0,0,0,0,7.592174,0,0,0,0,0,0,0,0,0,0,0,0,0,0,0,0,0,0,0,0,0,0,0,4.669214,0,9.251036,0,0,0,0,0,0,0,0,0,0,0,0,0,0,0,0,0,0,0,0,0,0,0,5.097875,0,5.709124,0,0,0,0,0,0,0,0,0,0,0,0,0,0,0,0,0,0,0,0,0,0,0,6.367605,0,6.462398,0,0,0,0,6.182021,0,0,0,0,0,0,0,0,0,0,0,0,0,0,0,0,0,0,7.541543,0,0,0,0,0,0,0,0,0,0,0,0,0,0,0,0,0,0,0,0,0,0,0,0,0,0,0,0,0,0,0,0,0,0,0,0,0,0,0,0,0,0,0,0,0,0,0,0,0,0,0,0,0,0,0,0,0,0,0,0,0,0,0,0,0,0,0,0,0,0,0,0,0,0,0,0,0,0,0,0,0,0,0,0,0,0,0,0,0,0,0,0,0,0,0,0,0,0,0,0,0,0,0,0,0,0,0,0,0,0,0,0,0,0,0,0,0,0,0,0,0,0,0,0,0,0,0,0,0,2.026024,0,4.210218,0,0,0,0,0,0,0,0,0,0,0,0,0,0,0,0,0,0,0,0,0,0,0,0,0,6.283185,0,0,0,0,0,0,0,0,0,0,0,0,0,0,0,0,0,0,0,0,0,0,0
EN300-7433032_2_C_SP2,0,0,0,0,0,0,0,0,0,0,0,0,0,0,0,0,0,0,0,0,0,0,0,0,0,0,1.846084,0,0,1.510497,0,0,0,0,0,0,0,0,0,1.218529,1.349155,0,0,0,0,0,0,0,0,0,0,0,13.06694,0,0,5.002211,0,0,0,0,0,0,0,0,0,0,0,0,0,0,0,0,0,0,0,0,0,0,0,0,0,7.714112,0,0,0,0,0,0,0,0,0,0,0,0,0,0,0,0,0,0,0,0,0,0,18.069262,0,0,9.01487,0,0,0,0,4.09747,0,0,0,0,0,0,0,0,0,0,0,0,0,0,0,0,0,17.041828,0,0,5.561545,0,0,0,0,0,0,0,0,0,0,0,0,0,0,0,0,0,0,0,0,0,0,12.221495,0,0,12.65877,0,0,0,0,0,0,0,0,0,0,0,0,0,0,0,0,0,0,0,0,0,0,14.594665,0,0,0,0,0,0,0,0,0,0,0,0,0,0,0,0,0,0,0,0,0,0,0,0,0,0,0,0,0,0,0,0,0,0,0,0,0,0,0,0,0,0,0,0,0,0,0,0,0,0,0,0,0,0,0,0,0,0,0,0,0,0,0,0,0,0,0,0,0,0,0,0,0,0,0,0,0,0,0,0,0,0,0,0,0,0,0,0,0,0,0,0,0,0,0,0,0,0,0,0,0,0,0,0,0,0,0,0,0,0,0,0,0,0,0,0,0,0,0,0,0,0,0,0,0,0,0,0,0,3.679486,0,0,3.846704,0,0,0,0,0,0,0,0,0,0,0,0,0,0,0,0,0,0,0,0,0,0,4.048023,0,0,5.601543,0,0,0,0,0,0,0,0,0,0,0,0,0,0,0,0,0,0,0,0,0,0
EN300-7439376_8_C_SP2,0,0,0,0,0,0,0,0,0,0,0,0,0,0,0,0,0,0,0,0,0,0,0,0,0,0,1.9657,0,0,1.522207,0,0,0,0,0,0,0,0,0,1.224951,1.355756,0,0,0,0,0,0,0,0,0,0,0,10.045696,0,5.584571,2.552528,0,0,0,0,0,0,0,0,0,0,2.901557,0,0,0,0,0,0,0,0,0,0,0,10.7804,0,3.860419,6.772838,0,0,0,0,0,0,0,0,0,0,0,0,0,0,0,0,0,0,0,0,0,0,23.06481,0,4.385384,8.850314,0,0,0,0,0,0,0,0,0,0,0,0,0,0,0,0,0,0,0,0,0,0,21.740618,0,10.246916,0,0,0,0,0,0,0,0,0,0,0,0,0,0,0,0,0,0,0,0,0,0,0,6.290042,0,0,0,0,0,0,0,0,0,0,0,0,0,0,0,0,0,0,0,0,0,0,0,0,0,0,0,0,0,0,0,0,0,0,0,0,0,0,0,0,0,0,0,0,0,0,0,0,0,0,0,0,0,0,0,0,0,0,0,0,0,0,0,0,0,0,0,0,0,0,0,0,0,0,0,0,0,0,0,0,0,0,0,0,0,0,0,0,0,0,0,0,0,0,0,0,0,0,0,0,0,0,0,0,0,0,0,0,0,0,0,0,0,0,0,0,0,0,0,0,0,0,0,0,0,0,0,0,0,0,0,0,0,0,0,0,0,0,0,0,0,0,0,0,0,0,0,0,0,0,0,0,0,0,0,3.757493,0,2.031835,1.953143,0,0,0,0,0,0,0,0,0,0,0,0,0,0,0,0,0,0,0,0,0,0,2.885235,0,3.155647,1.297538,0,0,0,0,0,0,0,0,0,0,0.993524,0,0,0,0,0,0,0,0,0,0,0
EN300-7440409_21_C_SP2,0,0,0,0,0,0,0,0,0,0,0,0,0,0,0,0,0,0,0,0,0,0,0,0,0,0,1.847513,0,0,1.532601,0,0,0,0,0,0,0,0,0,1.2222,1.353717,0,0,0,0,0,0,0,0,0,0,0,7.444965,0,0,2.501209,0,0,0,0,0,0,2.483556,0,0,0,2.880355,0,0,0,0,0,0,0,0,0,0,0,3.909062,0,3.572274,3.86336,0,0,0,0,0,0,0,0,0,3.997502,0,0,0,0,0,0,0,0,0,0,0,0,31.139495,0,0,17.793183,0,0,0,0,0,0,0,0,0,0,0,0,0,0,0,0,0,0,0,0,0,0,33.137352,0,0,5.288441,0,0,0,0,0,0,5.738033,0,0,0,0,0,0,0,0,0,0,0,0,0,0,0,6.207167,0,6.762031,0,0,0,0,0,0,0,0,0,0,0,6.899927,0,0,0,0,0,0,0,0,0,0,0,15.231217,0,0,0,0,0,0,0,0,0,0,0,0,7.669015,0,0,0,0,0,0,0,0,0,0,0,0,16.908615,0,0,24.832297,0,0,0,0,0,0,0,0,0,0,0,0,0,0,0,0,0,0,0,0,0,0,37.607998,0,0,9.370012,0,0,0,0,0,0,0,0,0,0,0,0,0,0,0,0,0,0,0,0,0,0,10.286103,0,0,0,0,0,0,0,0,0,0,0,0,0,0,0,0,0,0,0,0,0,0,0,0,0,0,0,0,0,0,0,0,0,0,0,0,0,0,0,0,0,0,0,0,0,0,0,0,0,0,0,3.650863,0,0,1.897441,0,0,0,0,0,0,1.947831,0,0,0,0,0,0,0,0,0,0,0,0,0,0,0,1.77453,0,2.115728,3.049582,0,0,0,0,0,0,0,0,0,0,1.101073,0,0,0,0,0,0,0,0,0,0,0
EN300-7461648_2_C_SP2,0,0,0,0,0,0,0,0,0,0,0,0,0,0,0,0,0,0,0,0,0,0,0,0,0,0,1.935208,1.440111,0,0,0,0,0,0,0,0,0,0,0,1.218387,1.351095,0,0,0,0,0,0,0,0,0,0,0,0,2.641791,0,0,0,0,0,0,0,0,0,0,0,0,0,0,0,0,0,0,0,0,0,0,0,0,0,0,0,0,0,0,0,0,0,0,0,0,0,0,0,0,0,0,0,0,0,0,0,0,0,0,9.510624,0,13.916918,0,0,0,0,0,0,0,0,0,0,0,0,0,0,0,0,0,0,0,0,0,0,0,0,0,0,0,0,0,0,0,0,0,0,0,0,0,0,0,0,0,0,0,0,0,0,0,0,0,0,0,19.454989,0,0,0,0,0,0,0,0,0,0,0,0,0,0,0,0,0,0,0,0,0,0,0,14.074249,0,0,0,0,0,0,0,0,0,0,0,0,0,0,0,0,0,0,0,0,0,0,0,0,0,26.421589,0,0,8.391161,0,0,0,0,0,0,0,0,0,0,0,0,0,0,0,0,0,0,0,0,0,0,0,0,0,9.076261,0,0,0,0,0,0,0,0,0,0,0,0,0,0,0,0,0,9.143291,0,0,0,0,0,0,0,0,0,0,0,0,0,0,0,0,0,0,0,0,0,0,0,0,0,10.38975,0,0,0,0,0,0,0,0,0,0,0,0,0,0,0,0,0,0,0,0,0,0,0,0,0,0,0,0,0,0,1.94696,3.134584,0,0,0,0,0,0,0,0,0,0,0,0,0,0,0,0,0,0,0,0,0,0,0,0,0,0,0.330562,0,0,0,0,0,0,0,0,0,0,0,0,0,0,0,0,0,0,0,0,0,0,0
EN300-74753_2_C_SP2,0,0,0,0,0,0,0,0,0,0,0,0,0,0,0,0,0,0,0,0,0,0,0,0,0,0,1.951154,0,1.4508,0,0,0,0,0,0,0,0,0,0,1.222823,1.357215,0,0,0,0,0,0,0,0,0,0,0,2.956012,0,5.125593,0,0,0,0,0,0,0,0,0,0,0,0,0,0,0,0,0,0,0,0,0,0,0,3.069923,0,0,0,0,0,0,3.68276,0,0,0,0,3.635947,0,0,0,0,0,0,0,0,0,0,0,0,0,0,0,0,0,0,0,0,0,0,0,0,0,0,0,0,0,0,0,0,0,0,0,0,0,0,0,27.433452,0,0,16.237166,0,0,0,0,0,0,0,0,0,0,0,0,0,0,0,0,0,0,0,0,0,0,0,0,0,0,0,0,0,0,0,0,0,0,0,0,0,0,0,0,0,0,0,0,0,0,0,0,37.80627,0,0,21.669311,0,0,0,0,0,0,0,0,0,0,0,0,0,0,0,0,0,0,0,0,0,0,8.587807,0,0,0,0,0,0,0,0,0,0,0,0,0,0,0,0,0,0,0,0,0,0,0,0,0,0,0,0,0,0,0,0,0,0,0,0,0,0,0,0,0,0,0,0,0,0,0,0,0,0,0,0,0,0,0,0,0,0,0,0,0,0,0,0,0,0,0,0,0,0,0,0,0,0,0,0,0,0,0,0,0,0,0,0,0,0,0,0,0,0,0,0,0,0,0,0,0,0,0,0,0,0,0,1.967082,0,4.474976,0,0,0,0,0,0,0,0,0,0,0,0,0,0,0,0,0,0,0,0,0,0,0,0.016304,0,0,0,0,0,0,3.141593,0,0,0,0,3.141593,0,0,0,0,0,0,0,0,0,0,0,0,0
EN300-7501584_2_C_SP2,0,0,0,0,0,0,0,0,0,0,0,0,0,0,0,0,0,0,0,0,0,0,0,0,0,0,1.84885,0,0,1.55522,0,0,0,0,0,0,0,0,0,1.225468,1.35848,0,0,0,0,0,0,0,0,0,0,0,0,0,0,5.419659,0,0,0,0,0,0,0,0,0,0,2.571644,0,0,0,0,0,0,0,0,0,0,0,12.511661,0,0,7.255795,0,0,0,0,0,0,0,0,0,0,0,0,0,0,0,0,0,0,0,0,0,0,8.863646,0,0,4.837422,0,0,0,0,0,0,0,0,0,0,0,0,0,0,0,0,0,4.753645,0,0,0,0,0,0,0,0,0,0,0,0,0,0,0,0,0,0,0,0,0,0,0,0,0,11.387656,0,0,0,0,0,0,0,0,0,0,0,0,0,0,0,0,0,0,0,0,0,0,0,0,0,0,0,0,0,0,0,0,0,0,0,0,0,0,0,0,0,0,0,0,0,0,0,0,0,0,0,0,0,0,0,0,0,0,0,0,0,0,0,0,0,0,0,0,0,0,0,0,0,0,0,0,0,0,0,0,0,0,0,0,0,0,0,0,0,0,0,0,0,0,0,0,0,0,0,0,0,0,0,0,0,0,0,0,0,0,0,0,0,0,0,0,0,0,0,0,0,0,0,0,0,0,0,0,0,0,0,0,0,0,0,0,0,0,0,0,0,0,0,0,0,0,0,0,0,0,0,0,0,0,0,0,0,0,0,0,1.801934,0,0,4.174477,0,0,0,0,0,0,0,0,0,0,2.035895,0,0,0,0,0,0,0,0,0,0,0,4.571816,0,0,5.972001,0,0,0,0,0,0,0,0,0,0,0,0,0,0,0,0,0,0,0,0,0,0
EN300-7535074_2_C_SP2,0,0,0,0,0,0,0,0,0,0,0,0,0,0,0,0,0,0,0,0,0,0,0,0,0,0,1.933724,0,1.441086,0,0,0,0,0,0,0,0,0,0,1.221716,1.35812,0,0,0,0,0,0,0,0,0,0,0,2.970277,0,2.573668,0,0,0,0,0,0,0,0,0,0,2.416727,0,0,0,0,0,0,0,0,0,0,0,0,0,0,7.226918,0,0,0,0,0,0,0,0,0,0,0,0,0,0,0,0,0,0,0,0,0,0,0,0,0,0,0,0,0,0,4.762049,0,0,0,0,0,0,0,0,0,0,0,0,0,0,0,0,0,0,5.555909,0,16.830428,0,0,0,0,0,0,0,0,0,0,0,0,0,0,0,0,0,0,0,0,0,0,0,6.761422,0,0,0,0,0,0,0,0,0,0,0,0,0,0,0,0,0,0,0,0,0,0,0,0,0,0,0,0,0,0,0,0,0,0,0,0,0,0,0,0,0,0,0,0,0,0,0,0,7.802028,0,0,0,0,0,0,0,0,0,0,0,0,0,0,0,0,0,0,0,0,0,0,0,0,0,0,0,0,0,0,0,0,0,0,0,0,0,0,0,0,0,0,0,0,0,0,0,0,0,0,0,0,0,0,0,0,0,0,0,0,0,0,0,0,0,0,0,0,0,0,0,0,0,0,0,0,0,0,0,0,0,0,0,0,0,0,0,0,0,0,0,0,0,0,0,0,0,0,0,0,0,0,0,0,0,0,1.928035,0,2.294614,0,0,0,0,0,0,0,0,0,0,2.069558,0,0,0,0,0,0,0,0,0,0,0,0,0,0,6.283185,0,0,0,0,0,0,0,0,0,0,0,0,0,0,0,0,0,0,0,0,0,0,0
EN300-7536448_30_C_SP2,0,0,0,0,0,0,0,0,0,0,0,0,0,0,0,0,0,0,0,0,0,0,0,0,0,0,1.976651,0,1.481432,0,0,0,0,0,0,0,0,0,0,1.217984,1.346583,0,0,0,0,0,0,0,0,0,0,0,5.431947,0,4.986913,0,0,0,0,0,0,0,0,0,0,0,0,0,0,0,0,0,0,0,0,0,0,0,0,0,7.549462,0,0,0,0,0,0,0,0,0,0,0,0,0,0,0,0,0,0,0,0,0,0,0,4.604849,0,4.292787,0,0,0,0,0,0,0,0,0,0,4.88604,0,0,0,0,0,0,0,0,0,0,0,0,10.686789,0,0,5.477715,0,0,0,0,0,0,0,0,0,5.660843,0,0,0,0,0,0,0,0,0,0,0,0,12.936948,0,0,13.450097,0,0,0,0,0,0,0,0,0,0,0,0,0,0,0,0,0,0,0,0,0,0,29.554563,0,0,0,0,0,0,0,0,0,7.599044,0,0,0,0,0,0,0,0,0,0,0,0,0,0,0,0,0,8.956556,0,0,0,0,0,0,0,0,0,0,0,0,0,0,0,0,0,0,0,0,0,0,0,9.489995,0,0,0,0,0,0,0,0,0,0,0,0,9.722529,9.478159,0,0,0,0,0,0,0,0,0,0,0,10.482338,0,10.542233,10.919237,0,0,0,0,0,0,0,0,0,0,0,0,0,0,0,0,0,0,0,0,0,0,33.85348,0,22.597228,11.54458,0,0,0,0,0,0,0,0,0,0,0,0,0,0,0,0,0,0,0,0,0,0,2.021102,0,4.188535,0,0,0,0,0,0,0,0,0,0,0,0,0,0,0,0,0,0,0,0,0,0,0,0.037204,0,6.218286,0,0,0,0,0,0,0,0,0,0,0,0,0,0,0,0,0,0,0,0,0,0,0
EN300-754709_10_C_SP2,0,0,0,0,0,0,0,0,0,0,0,0,0,0,0,0,0,0,0,0,0,0,0,0,0,0,1.913381,0,0,1.559168,0,0,0,0,0,0,0,0,0,1.223695,1.356598,0,0,0,0,0,0,0,0,0,0,0,11.00205,0,0,8.020541,0,0,0,0,0,0,2.511512,0,0,0,0,0,0,0,0,0,0,0,0,0,0,0,14.133394,0,3.163392,3.93636,0,0,0,0,0,0,0,0,0,3.072436,0,0,0,0,0,0,0,0,0,0,0,0,18.174651,0,0,4.605885,0,0,0,0,0,0,0,0,0,0,0,0,0,0,0,0,0,0,0,0,0,0,10.347376,0,0,0,0,0,0,0,0,0,0,0,0,0,0,0,0,0,0,0,0,0,0,0,0,0,0,0,0,0,0,0,0,0,0,0,0,0,0,0,0,0,0,0,0,0,0,0,0,0,0,0,0,0,0,0,0,0,0,0,0,0,0,0,0,0,0,0,0,0,0,0,0,0,0,0,0,0,0,0,0,0,0,0,0,0,0,0,0,0,0,0,0,0,0,0,0,0,0,0,0,0,0,0,0,0,0,0,0,0,0,0,0,0,0,0,0,0,0,0,0,0,0,0,0,0,0,0,0,0,0,0,0,0,0,0,0,0,0,0,0,0,0,0,0,0,0,0,0,0,0,0,0,0,0,0,0,0,0,0,0,0,0,0,0,0,0,0,0,0,0,0,0,0,0,0,0,0,0,0,0,0,1.903537,0,0,3.777943,0,0,0,0,0,0,1.921255,0,0,0,0,0,0,0,0,0,0,0,0,0,0,0,8.768364,0,1.200856,3.952881,0,0,0,0,0,0,0,0,0,0,0,0,0,0,0,0,0,0,0,0,0,0
EN300-7563383_2_C_SP2,0,0,0,0,0,0,0,0,0,0,0,0,0,0,0,0,0,0,0,0,0,0,0,0,0,0,1.84608,0,1.447184,0,0,0,0,0,0,0,0,0,0,1.221984,1.352502,0,0,0,0,0,0,0,0,0,0,0,0,0,2.546065,0,0,0,0,0,0,0,0,0,0,0,0,0,0,0,2.768381,0,0,0,0,0,0,0,0,0,7.630119,0,0,0,0,0,0,0,0,0,0,0,0,0,0,0,0,0,0,0,3.307851,0,0,0,4.724455,0,0,0,0,0,0,0,0,0,0,0,0,0,0,0,0,0,0,0,0,0,0,0,0,0,0,0,0,0,0,0,0,0,0,0,0,0,5.255183,5.669237,0,0,0,0,0,0,0,0,0,0,0,0,0,0,0,0,0,0,0,0,0,0,0,0,0,6.141857,0,0,0,0,0,0,0,0,0,0,0,0,0,0,0,0,0,0,0,0,0,0,0,0,0,0,0,0,0,0,0,0,0,0,0,0,0,0,0,0,0,0,0,0,0,0,0,0,0,0,0,0,0,0,0,0,0,0,0,0,0,0,0,0,0,0,0,0,0,0,0,0,0,0,0,0,0,0,0,0,0,0,0,0,0,0,0,0,0,0,0,0,0,0,0,0,0,0,0,0,0,0,0,0,0,0,0,0,0,0,0,0,0,0,0,0,0,0,0,0,0,0,0,0,0,0,0,0,0,0,0,0,0,0,0,0,0,0,0,0,0,0,1.806521,0,2.23482,0,0,0,0,0,0,0,0,0,0,0,0,0,0,0,2.119308,0,0,0,0,0,0,0,0,0,6.283185,0,0,0,0,0,0,0,0,0,0,0,0,0,0,0,0,0,0,0,0,0,0,0
EN300-75668_2_C_SP2,0,0,0,0,0,0,0,0,0,0,0,0,0,0,0,0,0,0,0,0,0,0,0,0,0,0,1.849225,0,1.474299,0,0,0,0,0,0,0,0,0,0,1.216043,1.344027,0,0,0,0,0,0,0,0,0,0,0,5.47053,0,4.990891,0,0,0,0,0,0,0,0,0,0,0,0,0,0,0,0,0,0,0,0,0,0,0,0,0,3.7856,0,0,0,0,3.740931,0,0,0,0,0,0,0,0,0,0,0,0,0,0,0,0,0,0,4.687893,0,4.206696,0,0,0,0,0,0,0,0,0,0,0,0,0,0,0,0,0,0,0,0,0,0,0,0,0,0,0,0,0,0,0,0,0,0,0,0,0,0,0,0,0,0,0,0,5.546371,0,0,0,0,0,0,0,0,0,0,0,0,0,0,0,0,0,0,0,0,0,0,0,0,0,0,0,0,0,0,0,0,0,0,0,0,0,0,0,0,0,0,0,0,0,0,0,0,0,0,0,0,0,0,0,0,0,0,0,0,0,0,0,0,0,0,0,0,0,0,0,0,0,0,0,0,0,0,0,0,0,0,0,0,0,0,0,0,0,0,0,0,0,0,0,0,0,0,0,0,0,0,0,0,0,0,0,0,0,0,0,0,0,0,0,0,0,0,0,0,0,0,0,0,0,0,0,0,0,0,0,0,0,0,0,0,0,0,0,0,0,0,0,0,0,0,0,0,0,0,0,0,0,0,0,0,0,0,0,0,1.820025,0,4.223182,0,0,0,0,0,0,0,0,0,0,0,0,0,0,0,0,0,0,0,0,0,0,0,0,0,3.141593,0,0,0,0,3.141593,0,0,0,0,0,0,0,0,0,0,0,0,0,0,0,0,0,0
EN300-77396_8_C_SP2,0,0,0,0,0,0,0,0,0,0,0,0,0,0,0,0,0,0,0,0,0,0,0,0,0,0,1.843612,0,1.491115,0,0,0,0,0,0,0,0,0,0,1.215981,1.347091,0,0,0,0,0,0,0,0,0,0,0,5.729137,0,5.021997,0,0,0,0,0,0,0,0,0,0,0,0,0,0,0,0,0,0,0,0,0,0,0,3.025088,0,7.529458,3.01481,0,0,0,0,0,0,0,0,0,0,0,0,0,0,0,0,0,0,0,0,0,0,13.423188,0,0,0,0,0,0,4.290181,0,0,0,0,0,0,0,0,0,0,0,0,0,0,0,0,0,0,0,0,0,0,0,0,0,0,0,0,0,0,0,0,0,0,0,0,0,0,0,0,0,0,0,0,0,0,0,0,0,0,0,0,0,0,0,0,0,0,0,0,0,0,0,0,0,0,0,0,0,0,0,0,0,0,0,0,0,0,0,0,0,0,0,0,0,0,0,0,0,0,0,0,0,0,0,0,0,0,0,0,0,0,0,0,0,0,0,0,0,0,0,0,0,0,0,0,0,0,0,0,0,0,0,0,0,0,0,0,0,0,0,0,0,0,0,0,0,0,0,0,0,0,0,0,0,0,0,0,0,0,0,0,0,0,0,0,0,0,0,0,0,0,0,0,0,0,0,0,0,0,0,0,0,0,0,0,0,0,0,0,0,0,0,0,0,0,0,0,0,0,0,0,0,0,0,0,0,0,0,0,1.808393,0,4.200527,0,0,0,0,0,0,0,0,0,0,0,0,0,0,0,0,0,0,0,0,0,0,0,0.004472,0,6.283185,0,0,0,0,0,0,0,0,0,0,0,0,0,0,0,0,0,0,0,0,0,0,0
EN300-78121_9_C_SP2,0,0,0,0,0,0,0,0,0,0,0,0,0,0,0,0,0,0,0,0,0,0,0,0,0,0,1.997381,0,0,1.502062,0,0,0,0,0,0,0,0,0,1.220501,1.361423,0,0,0,0,0,0,0,0,0,0,0,4.268287,0,0,0,0,0,0,0,0,0,0,0,2.48191,0,0,0,0,0,0,0,0,0,0,0,0,0,3.132913,0,3.190566,0,0,0,0,3.553366,0,0,0,0,0,0,0,0,0,0,0,0,0,0,0,0,0,0,0,0,8.906732,0,0,0,0,0,0,0,0,0,0,0,0,0,0,0,0,0,0,0,0,0,0,0,5.48231,0,0,0,0,0,0,0,0,0,0,0,0,5.895044,0,0,0,0,0,5.919845,0,0,0,0,0,0,6.624755,0,0,6.899436,0,0,0,0,0,0,0,0,0,6.672391,0,0,0,0,0,0,0,0,0,0,0,0,14.951767,0,0,0,0,0,0,0,0,0,0,0,0,0,0,0,0,0,0,0,0,0,0,0,0,0,0,0,0,0,0,0,0,0,0,0,0,0,0,0,0,0,0,0,0,0,0,0,0,0,0,0,0,0,0,0,0,0,0,0,0,0,0,0,0,0,0,0,0,0,0,0,0,0,0,0,0,0,0,0,0,0,0,0,0,0,0,0,0,0,0,0,0,0,0,0,0,0,0,0,0,0,0,0,0,0,0,0,0,0,0,0,0,0,0,0,0,0,0,0,0,0,0,0,0,0,0,0,0,0,5.852137,0,0,0,0,0,0,0,0,0,0,0,1.990949,0,0,0,0,0,0,0,0,0,0,0,0,0,0,0,1.10543,0,0,0,0,2.212049,0,0,0,0,0,0,0,0,0,0,0,0,0,0,0,0,0,0
EN300-81333_24_C_SP2,0,0,0,0,0,0,0,0,0,0,0,0,0,0,0,0,0,0,0,0,0,0,0,0,0,0,1.852136,0,0,1.5366,0,0,0,0,0,0,0,0,0,1.221754,1.351567,0,0,0,0,0,0,0,0,0,0,0,10.53833,0,0,2.514995,0,0,0,0,0,0,2.467242,0,0,0,0,0,0,0,0,0,0,0,0,0,0,0,7.096568,0,3.212328,3.194801,0,0,0,0,0,0,0,0,0,3.480436,0,0,0,0,0,0,0,0,0,0,0,0,4.184676,0,4.941851,0,0,0,0,0,0,0,0,0,0,0,8.621264,0,0,0,0,0,0,0,0,0,0,0,27.201191,0,11.245171,10.658827,0,0,0,0,0,0,0,0,0,0,0,0,0,0,0,0,0,0,0,0,0,0,12.758666,0,13.586435,6.117363,0,0,0,0,0,0,0,0,0,0,0,0,0,0,0,0,0,0,0,0,0,0,7.202673,0,22.631254,0,0,0,0,0,0,0,0,0,0,0,0,0,0,0,0,0,0,0,0,0,0,0,16.716716,0,8.431297,0,0,0,0,0,0,0,0,0,0,0,0,0,0,0,0,0,0,0,0,0,0,0,9.632078,0,28.711435,0,0,0,0,0,0,0,0,0,0,0,0,0,0,0,0,0,0,0,0,0,0,0,21.43122,0,0,0,0,0,0,0,0,0,0,0,0,0,0,0,0,0,0,0,0,0,0,0,0,0,0,0,0,0,0,0,0,0,0,0,0,0,0,0,0,0,0,0,0,0,0,0,0,0,0,0,3.688745,0,0,1.927522,0,0,0,0,0,0,1.936349,0,0,0,0,0,0,0,0,0,0,0,0,0,0,0,4.722087,0,1.449388,1.362442,0,0,0,0,0,0,0,0,0,0,0,0,0,0,0,0,0,0,0,0,0,0
EN300-83529_2_C_SP2,0,0,0,0,0,0,0,0,0,0,0,0,0,0,0,0,0,0,0,0,0,0,0,0,0,0,1.907494,0,1.473968,0,0,0,0,0,0,0,0,0,0,1.223285,1.36814,0,0,0,0,0,0,0,0,0,0,0,0,0,0,0,0,0,0,4.975071,0,0,0,0,0,0,0,0,0,0,0,0,0,0,0,0,0,0,0,0,0,0,0,3.548798,0,0,0,0,0,0,3.522011,0,0,0,0,0,0,0,0,0,0,0,0,0,0,0,4.846594,0,0,0,0,4.860829,0,0,0,0,0,0,0,0,0,0,0,0,0,0,0,0,0,0,5.172635,0,11.647686,0,0,0,0,0,0,0,0,0,0,0,0,0,0,0,0,0,0,0,0,0,0,0,13.718599,0,0,0,0,0,0,0,0,0,0,0,0,0,0,0,0,0,0,0,0,0,0,0,0,0,0,0,0,0,0,0,0,0,0,0,0,0,0,0,0,0,0,0,0,0,0,0,0,0,0,0,0,0,0,0,0,0,0,0,0,0,0,0,0,0,0,0,0,0,0,0,0,0,0,0,0,0,0,0,0,0,0,0,0,0,0,0,0,0,0,0,0,0,0,0,0,0,0,0,0,0,0,0,0,0,0,0,0,0,0,0,0,0,0,0,0,0,0,0,0,0,0,0,0,0,0,0,0,0,0,0,0,0,0,0,0,0,0,0,0,0,0,0,0,0,0,0,0,0,0,0,0,0,0,0,1.871465,0,0,0,0,0,0,4.280814,0,0,0,0,0,0,0,0,0,0,0,0,0,0,0,0,0,0,0,0,0,0,0,3.137121,0,0,0,0,0,0,3.141593,0,0,0,0,0,0,0,0,0,0,0,0,0
EN300-86538_2_C_SP2,0,0,0,0,0,0,0,0,0,0,0,0,0,0,0,0,0,0,0,0,0,0,0,0,0,0,1.967447,0,1.487602,0,0,0,0,0,0,0,0,0,0,1.219125,1.349664,0,0,0,0,0,0,0,0,0,0,0,2.655626,0,5.01427,0,0,0,0,0,0,0,0,0,0,2.91053,0,0,0,0,0,0,0,0,0,0,0,0,0,0,7.580841,3.851093,0,0,0,0,0,0,0,0,0,0,0,0,0,0,0,0,0,3.70605,0,0,0,0,9.336359,0,4.288669,0,0,0,0,0,0,0,0,0,0,0,0,0,0,0,0,0,0,9.41886,0,0,0,0,5.376959,0,0,0,0,0,0,0,0,0,0,0,0,0,0,0,0,0,0,0,0,0,0,0,0,0,0,0,0,0,0,0,0,0,0,0,0,0,0,0,0,0,0,0,0,0,0,0,0,0,0,0,0,0,0,0,0,0,0,0,0,0,0,0,0,0,0,0,0,0,0,0,0,0,0,0,0,0,0,0,0,0,0,0,0,0,0,0,0,0,0,0,0,0,0,0,0,0,0,0,0,0,0,0,0,0,0,0,0,0,0,0,0,0,0,0,0,0,0,0,0,0,0,0,0,0,0,0,0,0,0,0,0,0,0,0,0,0,0,0,0,0,0,0,0,0,0,0,0,0,0,0,0,0,0,0,0,0,0,0,0,0,0,0,0,0,0,0,0,0,0,0,0,0,0,0,0,0,0,0,0,0,1.997447,0,4.200741,0,0,0,0,0,0,0,0,0,0,0,0,0,0,0,0,0,0,0,0,0,0,0,0,0,6.239717,0,0,0,0,0,0,0,0,0,0,0.030661,0,0,0,0,0,0,0,0,0,0,0,0
EN300-8668091_8_C_SP2,0,0,0,0,0,0,0,0,0,0,0,0,0,0,0,0,0,0,0,0,0,0,0,0,0,0,1.848851,0,1.474246,0,0,0,0,0,0,0,0,0,0,1.216613,1.343454,0,0,0,0,0,0,0,0,0,0,0,5.447719,0,4.986822,0,0,0,0,0,0,0,0,0,0,0,0,0,0,0,0,0,0,0,0,0,0,0,0,0,3.774879,0,0,0,0,3.767243,0,0,0,0,0,0,0,0,0,0,0,0,0,0,0,0,0,0,4.940968,0,4.249132,4.991964,0,0,0,0,0,0,0,0,0,0,0,0,0,0,0,0,0,0,0,0,0,0,11.302265,0,0,5.777494,0,0,0,0,0,0,0,0,0,0,0,0,0,0,0,0,0,0,0,0,0,0,0,0,0,0,0,0,0,0,0,0,0,0,0,0,0,0,0,0,0,0,0,19.315492,0,0,0,0,0,0,0,0,0,0,0,0,0,0,0,0,0,0,0,0,0,0,0,0,0,0,0,0,0,0,0,0,0,0,0,0,0,0,0,0,0,0,0,0,0,0,0,0,0,0,0,0,0,0,0,0,0,0,0,0,0,0,0,0,0,0,0,0,0,0,0,0,0,0,0,0,0,0,0,0,0,0,0,0,0,0,0,0,0,0,0,0,0,0,0,0,0,0,0,0,0,0,0,0,0,0,0,0,0,0,0,0,0,0,0,0,0,0,0,0,0,0,0,0,0,0,0,0,0,0,0,0,0,0,1.81981,0,4.226666,0,0,0,0,0,0,0,0,0,0,0,0,0,0,0,0,0,0,0,0,0,0,0,0,0,3.141593,0,0,0,0,3.141593,0,0,0,0,0,0,0,0,0,0,0,0,0,0,0,0,0,0
EN300-92028_7_C_SP2,0,0,0,0,0,0,0,0,0,0,0,0,0,0,0,0,0,0,0,0,0,0,0,0,0,0,1.841684,0,1.443177,0,0,0,0,0,0,0,0,0,0,1.221859,1.352283,0,0,0,0,0,0,0,0,0,0,0,2.967102,0,5.108566,0,0,0,0,0,0,0,0,0,0,0,0,0,0,0,0,0,0,0,0,0,0,0,6.512585,0,0,3.231157,0,0,0,3.680368,0,0,0,0,3.631782,0,0,0,0,0,0,0,0,0,0,0,0,0,4.289503,0,4.980652,0,0,0,0,0,0,0,0,0,0,0,0,0,0,0,0,0,0,0,0,0,0,0,5.098693,0,5.520975,0,0,0,0,0,0,0,0,0,0,0,0,0,0,0,0,0,0,0,0,0,0,0,6.075181,0,12.981204,0,0,0,0,0,0,0,0,0,0,0,0,0,0,0,0,0,0,0,0,0,0,0,7.513021,0,15.078504,0,0,0,0,0,0,0,0,0,0,0,0,0,0,0,0,0,0,0,0,0,0,0,8.213314,0,0,0,0,0,0,0,0,0,0,0,0,0,0,0,0,0,0,0,0,0,0,0,0,0,0,0,0,0,0,0,0,0,0,0,0,0,0,0,0,0,0,0,0,0,0,0,9.421959,0,0,0,0,0,0,0,0,0,0,0,0,0,0,0,0,0,0,0,0,0,0,0,0,0,0,0,0,0,0,0,0,0,0,0,0,0,0,0,0,0,0,0,0,0,0,0,0,0,0,0,0,0,0,0,1.801074,0,4.468303,0,0,0,0,0,0,0,0,0,0,0,0,0,0,0,0,0,0,0,0,0,0,0,0,0,0,0,0,0,0,3.137121,0,0,0,0,3.137121,0,0,0,0,0,0,0,0,0,0,0,0,0
EN300-92718_16_C_SP2,0,0,0,0,0,0,0,0,0,0,0,0,0,0,0,0,0,0,0,0,0,0,0,0,0,0,1.866837,0,0,1.513218,0,0,0,0,0,0,0,0,0,1.220755,1.34988,0,0,0,0,0,0,0,0,0,0,0,10.561826,0,0,2.496942,0,0,0,0,0,0,0,0,2.440936,0,0,0,0,0,0,0,0,0,0,0,0,0,0,0,3.054789,3.866,0,0,0,3.527901,0,0,0,0,0,0,0,0,0,0,0,0,0,0,0,0,0,0,13.060052,0,8.719227,0,0,0,0,0,0,0,0,0,0,0,0,0,0,0,0,0,0,0,0,0,0,0,0,0,0,5.857467,0,0,0,0,0,0,0,0,5.44513,5.586425,0,0,0,0,0,0,0,0,0,0,0,0,0,0,0,0,0,0,0,0,0,0,0,0,0,6.455216,0,0,0,0,0,0,0,19.399675,0,0,0,0,0,0,0,0,0,0,0,0,0,0,0,0,0,0,0,0,0,0,0,0,0,0,0,0,0,0,0,0,0,0,0,0,0,0,0,0,0,0,0,0,0,0,0,0,0,0,0,0,0,0,0,0,0,0,0,0,0,0,0,0,0,0,0,0,0,0,0,0,0,0,0,0,0,0,0,0,0,0,0,0,0,0,0,0,0,0,0,0,0,0,0,0,0,0,0,0,0,0,0,0,0,0,0,0,0,0,0,0,0,0,0,0,0,0,0,0,0,0,0,0,0,0,0,0,0,0,0,0,0,0,3.716087,0,0,1.91694,0,0,0,0,0,0,0,0,1.92528,0,0,0,0,0,0,0,0,0,0,0,0,0,2.037586,0,0.922687,2.957048,0,0,0,2.233423,0,0,0,0,0,0,0,0,0,0,0,0,0,0,0,0,0,0
EN300-93959_2_C_SP2,0,0,0,0,0,0,0,0,0,0,0,0,0,0,0,0,0,0,0,0,0,0,0,0,0,0,1.853834,0,1.465365,0,0,0,0,0,0,0,0,0,0,1.215662,1.342967,0,0,0,0,0,0,0,0,0,0,0,5.495666,0,4.981021,0,0,0,0,0,0,0,0,0,0,0,0,0,0,0,0,0,0,0,0,0,0,0,0,0,0,0,0,0,0,7.497255,0,0,0,0,0,0,0,0,0,0,0,0,0,0,0,0,0,0,0,0,4.153275,0,0,0,0,0,0,0,0,0,0,0,0,0,0,0,0,0,0,0,0,0,0,0,0,0,0,0,0,0,0,0,0,0,0,0,0,0,0,0,0,0,0,0,0,0,5.857976,0,0,0,0,0,0,0,0,0,0,0,0,0,0,0,0,0,0,0,0,0,0,0,0,0,0,0,0,0,0,0,0,0,0,0,0,0,0,0,0,0,0,0,0,0,0,0,0,0,0,0,0,0,0,0,0,0,0,0,0,0,0,0,0,0,0,0,0,0,0,0,0,0,0,0,0,0,0,0,0,0,0,0,0,0,0,0,0,0,0,0,0,0,0,0,0,0,0,0,0,0,0,0,0,0,0,0,0,0,0,0,0,0,0,0,0,0,0,0,0,0,0,0,0,0,0,0,0,0,0,0,0,0,0,0,0,0,0,0,0,0,0,0,0,0,0,0,0,0,0,0,0,0,0,0,0,0,0,0,1.826828,0,4.265105,0,0,0,0,0,0,0,0,0,0,0,0,0,0,0,0,0,0,0,0,0,0,0,0,0,0,0,0,0,0,6.283185,0,0,0,0,0,0,0,0,0,0,0,0,0,0,0,0,0,0
EN300-94278_3_C_SP2,0,0,0,0,0,0,0,0,0,0,0,0,0,0,0,0,0,0,0,0,0,0,0,0,0,0,1.857523,0,0,1.492618,0,0,0,0,0,0,0,0,0,1.218648,1.347686,0,0,0,0,0,0,0,0,0,0,0,7.614171,0,0,4.885231,0,0,0,0,0,0,0,0,0,0,0,0,0,0,0,0,0,5.608207,0,0,0,0,3.435772,0,0,0,0,0,0,0,0,0,0,0,0,0,0,0,0,0,0,0,0,3.612178,0,0,0,0,0,0,0,0,0,0,0,0,0,0,0,0,0,0,0,0,0,0,0,0,0,0,0,0,0,0,0,0,0,0,0,0,0,0,0,0,0,0,0,0,0,0,0,0,0,0,0,0,0,0,0,0,0,0,0,0,0,0,0,0,0,0,0,0,0,0,0,0,0,0,0,0,0,0,0,0,0,0,0,0,0,0,0,0,0,0,0,0,0,0,0,0,0,0,0,0,0,0,0,0,0,0,0,0,0,0,0,0,0,0,0,0,0,0,0,0,0,0,0,0,0,0,0,0,0,0,0,0,0,0,0,0,0,0,0,0,0,0,0,0,0,0,0,0,0,0,0,0,0,0,0,0,0,0,0,0,0,0,0,0,0,0,0,0,0,0,0,0,0,0,0,0,0,0,0,0,0,0,0,0,0,0,0,0,0,0,0,0,0,0,0,0,0,0,0,0,0,0,0,0,0,0,0,0,0,0,0,0,3.732402,0,0,3.795688,0,0,0,0,0,0,0,0,0,0,0,0,0,0,0,0,0,0,0,0,0,0,5.220971,0,0,0,0,0,0,0,0,0,0,0,0,0,0,0,0,0,0,0,0,5.190789,0,0,0,0
EN300-96228_2_C_SP2,0,0,0,0,0,0,0,0,0,0,0,0,0,0,0,0,0,0,0,0,0,0,0,0,0,0,1.977827,0,1.474672,0,0,0,0,0,0,0,0,0,0,1.219529,1.347241,0,0,0,0,0,0,0,0,0,0,0,2.638081,0,4.995829,0,0,0,0,0,0,0,0,0,0,0,0,0,0,0,0,0,0,0,0,0,0,0,0,0,3.814374,0,0,0,0,3.719399,0,0,0,0,0,0,0,0,0,0,0,0,0,0,0,3.339911,0,0,4.727283,0,4.216347,0,0,0,0,0,0,0,0,0,0,0,0,0,0,0,0,0,0,0,0,0,0,0,5.299864,0,0,0,0,0,0,0,0,0,0,0,0,0,0,0,0,0,0,0,0,0,0,0,0,0,0,0,0,0,0,0,0,0,0,0,0,0,0,0,0,0,0,0,0,0,0,0,0,0,0,0,0,0,0,0,0,0,0,0,0,0,0,0,0,0,0,0,0,0,0,0,0,0,0,0,0,0,0,0,0,0,0,0,0,0,0,0,0,0,0,0,0,0,0,0,0,0,0,0,0,0,0,0,0,0,0,0,0,0,0,0,0,0,0,0,0,0,0,0,0,0,0,0,0,0,0,0,0,0,0,0,0,0,0,0,0,0,0,0,0,0,0,0,0,0,0,0,0,0,0,0,0,0,0,0,0,0,0,0,0,0,0,0,0,0,0,0,0,0,0,0,0,0,0,0,0,0,0,0,0,0,2.020224,0,4.236805,0,0,0,0,0,0,0,0,0,0,0,0,0,0,0,0,0,0,0,0,0,0,0,0,0,3.141593,0,0,0,0,3.131593,0,0,0,0,0,0,0,0,0,0,0,0,0,0,0,0.026834,0,0
EN300-96453_14_C_SP2,0,0,0,0,0,0,0,0,0,0,0,0,0,0,0,0,0,0,0,0,0,0,0,0,0,0,1.946025,0,0,1.508962,0,0,0,0,0,0,0,0,0,1.226024,1.35084,0,0,0,0,0,0,0,0,0,0,0,6.914277,0,0,2.502459,0,0,0,0,0,0,0,0,0,0,2.915405,0,0,0,0,0,0,0,0,0,0,0,0,0,0,3.861974,0,0,0,0,0,0,0,0,0,0,0,0,0,0,0,0,0,0,0,0,0,0,22.764992,0,0,9.290145,0,0,0,0,0,0,4.970966,0,0,0,0,0,0,0,0,0,0,0,0,0,0,0,0,0,0,0,0,0,0,0,0,0,0,0,0,0,0,0,0,0,0,0,0,0,0,0,0,0,6.045032,0,6.253511,0,0,0,0,0,0,0,0,0,0,0,6.464286,0,0,0,0,0,0,0,0,0,0,0,23.077911,0,0,7.835709,0,0,0,0,0,0,0,0,0,7.253119,0,0,0,0,0,0,0,0,0,0,0,0,17.170432,0,0,25.22047,0,0,0,0,0,0,0,0,0,0,0,0,0,0,0,0,0,0,0,0,0,0,37.344475,0,0,0,0,0,0,0,0,0,0,0,0,0,0,0,0,0,0,0,0,0,0,0,0,0,0,0,0,0,0,0,0,0,0,0,0,0,0,0,0,0,0,0,0,0,0,0,0,0,0,0,0,0,0,0,0,0,0,0,0,0,0,0,0,0,0,0,0,0,0,0,0,0,0,0,0,0,5.709664,0,0,1.941699,0,0,0,0,0,0,0,0,0,0,0,0,0,0,0,0,0,0,0,0,0,0,0.89674,0,0,3.034397,0,0,0,0,0,0,0,0,0,0,1.138166,0,0,0,0,0,0,0,0,0,0,0
EN300-97525_12_C_SP2,0,0,0,0,0,0,0,0,0,0,0,0,0,0,0,0,0,0,0,0,0,0,0,0,0,0,1.855914,0,0,1.539319,0,0,0,0,0,0,0,0,0,1.219706,1.35685,0,0,0,0,0,0,0,0,0,0,0,13.306289,0,0,4.998718,0,0,0,0,0,0,0,0,0,0,2.39777,0,0,0,0,0,0,0,0,0,0,0,7.161863,0,3.861705,3.157459,0,0,0,0,0,0,0,0,0,0,0,0,0,0,0,0,0,0,0,0,0,0,13.246633,0,9.383043,0,0,0,0,0,0,0,0,0,0,0,0,0,0,0,0,0,0,0,0,0,0,0,0,0,5.935541,0,0,0,0,0,0,0,0,0,0,0,0,0,0,0,0,0,0,0,0,0,0,0,13.490657,0,12.59448,0,0,0,0,0,0,0,0,0,0,0,0,0,0,0,0,0,0,0,0,0,0,0,7.606769,0,0,0,0,0,0,0,0,0,0,0,0,0,0,0,0,0,0,0,0,0,0,0,0,0,0,0,0,0,0,0,0,0,0,0,0,0,0,0,0,0,0,0,0,0,0,0,0,0,0,0,0,0,0,0,0,0,0,0,0,0,0,0,0,0,0,0,0,0,0,0,0,0,0,0,0,0,0,0,0,0,0,0,0,0,0,0,0,0,0,0,0,0,0,0,0,0,0,0,0,0,0,0,0,0,0,0,0,0,0,0,0,0,0,0,0,0,0,0,0,0,0,0,0,0,0,0,0,0,1.812936,0,0,3.779823,0,0,0,0,0,0,0,0,0,0,1.86923,0,0,0,0,0,0,0,0,0,0,0,6.717867,0,2.761553,1.277092,0,0,0,0,0,0,0,0,0,0,0,0,0,0,0,0,0,0,0,0,0,0
